Dataset_No,Pair_Index,Starting_City_Agent1,Starting_City_Agent2,Agent1_Path,Agent2_Path,Agent1_Benefit,Agent2_Benefit,Agent1_Cost,Agent2_Cost,Agent1_Payoff,Agent2_Payoff,Total_Benefit,Total_Payoff,Average_Payoff,Agent1_City_Count,Agent2_City_Count,Agent1_Timestamps,Agent2_Timestamps
1,1,1,2,"1, 4, 5, 9,10,11,13,16,17,18","2, 3, 6, 7, 8,12,14,15,19,20",1500,1500,78,80.518,1422,1419.482,3000,2841.482,1420.741,10,10,"0,21,63,75,142.1,201.7,239.9,289.1,315.9,342,390","0,53,91,108,168,192,215,263,312.2,344.59,402.59"
1,2,1,3,"1, 2, 6, 7, 9,10,11,13,16,17,18","3, 4, 5, 8,12,14,15,19,20",1650,1350,100,76.118,1550,1273.882,3000,2823.882,1411.941,11,9,"0,97,126,143,185,252.1,311.7,349.9,399.1,425.9,452,500","0,67,109,176,200,223,271,320.2,352.59,380.59"
1,3,1,4,"1, 2, 3, 6, 7, 8,12,14,15,19,20","4, 5, 9,10,11,13,16,17,18",1650,1350,104.118,71.6,1545.882,1278.4,3000,2824.282,1412.141,11,9,"0,97,150,188,205,265,289,312,360,409.2,441.59,520.59","0,42,54,121.1,180.7,218.9,268.1,294.9,321,358"
1,4,1,5,"1, 2, 3, 4, 8,12,14,15,19,20","5, 6, 7, 9,10,11,13,16,17,18",1500,1500,105.318,74.4,1394.682,1425.6,3000,2820.282,1410.141,10,10,"0,97,150,217,271,295,318,366,415.2,447.59,526.59","0,34,51,93,160.1,219.7,257.9,307.1,333.9,360,372"
1,5,1,6,"1, 2, 3, 4, 5, 8,10,12,16,17,18","6, 7, 9,11,13,14,15,19,20",1650,1350,117.36,74.658,1532.64,1275.342,3000,2807.982,1403.991,11,9,"0,97,150,217,259,326,398.5,463.5,485.9,512.7,538.8,586.8","0,17,59,79.5,117.7,186.7,234.7,283.9,316.29,373.29"
1,6,1,7,"1, 2, 3, 4, 5, 6,10,12,14,15,19,20","7, 8, 9,11,13,16,17,18",1800,1200,125.518,70.16,1674.482,1129.84,3000,2804.322,1402.161,12,8,"0,97,150,217,259,293,331,396,419,467,516.2,548.59,627.59","0,60,138,158.5,196.7,245.9,272.7,298.8,350.8"
1,7,1,8,"1, 2, 3, 4, 5, 6, 7,10,12,16,17,18","8, 9,11,13,14,15,19,20",1800,1200,105.06,78.458,1694.94,1121.542,3000,2816.482,1408.241,12,8,"0,97,150,217,259,293,310,337,402,424.4,451.2,477.3,525.3","0,78,98.5,136.7,205.7,253.7,302.9,335.29,392.29"
1,8,1,9,"1, 2, 3, 4, 5, 6, 7, 8,12,14,15,19,20","9,10,11,13,16,17,18",1950,1050,125.118,57.2,1824.882,992.8,3000,2817.682,1408.841,13,7,"0,97,150,217,259,293,310,370,394,417,465,514.2,546.59,625.59","0,67.1,126.7,164.9,214.1,240.9,267,286"
1,9,1,10,"1, 2, 3, 4, 5, 6, 7, 8, 9,11,13,16,17,18","10,12,14,15,19,20",2100,900,131.36,48.758,1968.64,851.242,3000,2819.882,1409.941,14,6,"0,97,150,217,259,293,310,370,448,468.5,506.7,555.9,582.7,608.8,656.8","0,65,88,136,185.2,217.59,243.79"
1,10,1,11,"1, 2, 3, 4, 5, 6, 7, 8, 9,10,12,14,15,19,20","11,13,16,17,18",2250,750,162.338,36,2087.662,714,3000,2801.662,1400.831,15,5,"0,97,150,217,259,293,310,370,448,515.1,580.1,603.1,651.1,700.3,732.69,811.69","0,38.2,87.4,114.2,140.3,180"
1,11,1,12,"1, 4, 5, 9,10,11,13,18","12, 2, 3, 6, 7, 8,14,15,16,17,19,20",1200,1800,62.26,117.618,1137.74,1682.382,3000,2820.122,1410.061,8,12,"0,21,63,75,142.1,201.7,239.9,263.3,311.3","0,80,133,171,188,248,286,334,408.8,435.6,496.7,529.09,588.09"
1,12,1,13,"1, 2, 3, 4, 5, 6, 7, 8, 9,10,11,12,14,15,19,20","13,16,17,18",2400,600,174.858,25.1,2225.142,574.9,3000,2800.042,1400.021,16,4,"0,97,150,217,259,293,310,370,448,515.1,574.7,642.7,665.7,713.7,762.9,795.29,874.29","0,49.2,76,102.1,125.5"
1,13,1,14,"1, 4, 5, 9,10,11,13,16,17,18","14, 2, 3, 6, 7, 8,12,15,19,20",1500,1500,78,86.718,1422,1413.282,3000,2835.282,1417.641,10,10,"0,21,63,75,142.1,201.7,239.9,289.1,315.9,342,390","0,58,111,149,166,226,250,310,359.2,391.59,433.59"
1,14,1,15,"1, 2, 3, 4, 5, 6, 7, 8, 9,10,11,12,13,14,16,17,18","15,19,20",2550,450,182.34,19.718,2367.66,430.282,3000,2797.942,1398.971,17,3,"0,97,150,217,259,293,310,370,448,515.1,574.7,642.7,714.3,783.3,810.8,837.6,863.7,911.7","0,49.2,81.59,98.59"
1,15,1,16,"1, 4, 5, 6, 7,10,12,14,15,20","16, 2, 3, 8, 9,11,13,17,18,19",1500,1500,74.606,106.38,1425.394,1393.62,3000,2819.014,1409.507,10,10,"0,21,63,97,114,141,206,229,277,294.03,373.03","0,72,125,167,245,265.5,303.7,343.1,369.2,456.2,531.9"
1,16,1,17,"1, 4, 5, 6, 7,10,12,14,15,20","17, 2, 3, 8, 9,11,13,16,18,19",1500,1500,74.606,147.8,1425.394,1352.2,3000,2777.594,1388.797,10,10,"0,21,63,97,114,141,206,229,277,294.03,373.03","0,49,102,144,222,242.5,280.7,329.9,590.9,677.9,739"
1,17,1,18,"1, 4, 5, 6, 7,10,12,14,15,20","18, 2, 3, 8, 9,11,13,16,17,19",1500,1500,74.606,105.96,1425.394,1394.04,3000,2819.434,1409.717,10,10,"0,21,63,97,114,141,206,229,277,294.03,373.03","0,74,127,169,247,267.5,305.7,354.9,381.7,442.8,529.8"
1,18,1,19,"1, 4, 5, 9,11,13,16,17,18","19, 2, 3, 6, 7, 8,10,12,14,15,20",1350,1650,56.76,91.186,1293.24,1558.814,3000,2852.054,1426.027,9,11,"0,21,63,75,95.5,133.7,182.9,209.7,235.8,283.8","0,30,83,121,138,198,270.5,335.5,358.5,406.5,423.53,455.93"
1,19,1,20,"1, 4, 5, 6, 7,10,12,16,17,18","20, 2, 3, 8, 9,11,13,14,15,19",1500,1500,65.86,97.658,1434.14,1402.342,3000,2836.482,1418.241,10,10,"0,21,63,97,114,141,206,228.4,255.2,281.3,329.3","0,58,111,153,231,251.5,289.7,358.7,406.7,455.9,488.29"
1,20,2,1,"2, 3, 6, 7, 8,12,14,15,19,20","1, 4, 5, 9,10,11,13,16,17,18",1500,1500,80.518,78,1419.482,1422,3000,2841.482,1420.741,10,10,"0,53,91,108,168,192,215,263,312.2,344.59,402.59","0,21,63,75,142.1,201.7,239.9,289.1,315.9,342,390"
1,21,2,3,"2, 6, 7, 8,10,11,13,14,15,19,20","3, 1, 4, 5, 9,12,16,17,18",1650,1350,106.578,64.46,1543.422,1285.54,3000,2828.962,1414.481,11,9,"0,29,46,106,178.5,238.1,276.3,345.3,393.3,442.5,474.89,532.89","0,55,76,118,130,185,207.4,234.2,260.3,322.3"
1,22,2,4,"2, 3, 6, 7, 8,12,14,15,19,20","4, 1, 5, 9,10,11,13,16,17,18",1500,1500,80.518,77.2,1419.482,1422.8,3000,2842.282,1421.141,10,10,"0,53,91,108,168,192,215,263,312.2,344.59,402.59","0,21,70,82,149.1,208.7,246.9,296.1,322.9,349,386"
1,23,2,5,"2, 3, 8, 9,11,13,14,15,19,20","5, 1, 4, 6, 7,10,12,16,17,18",1500,1500,97.658,67.66,1402.342,1432.34,3000,2834.682,1417.341,10,10,"0,53,95,173,193.5,231.7,300.7,348.7,397.9,430.29,488.29","0,49,70,142,159,186,251,273.4,300.2,326.3,338.3"
1,24,2,6,"2, 3, 7, 8,12,16,17,18,19","6, 1, 4, 5, 9,10,11,13,14,15,20",1350,1650,70.06,100.186,1279.94,1549.814,3000,2829.754,1414.877,9,11,"0,53,74,134,158,180.4,207.2,233.3,320.3,350.3","0,70,91,133,145,212.1,271.7,309.9,378.9,426.9,443.93,500.93"
1,25,2,7,"2, 3, 8, 9,11,13,14,15,19,20","7, 1, 4, 5, 6,10,12,16,17,18",1500,1500,97.658,78.06,1402.342,1421.94,3000,2824.282,1412.141,10,10,"0,53,95,173,193.5,231.7,300.7,348.7,397.9,430.29,488.29","0,63,84,126,160,198,263,285.4,312.2,338.3,390.3"
1,26,2,8,"2, 3, 5, 6, 7,10,12,14,15,19,20","8, 1, 4, 9,11,13,16,17,18",1650,1350,91.518,68.16,1558.482,1281.84,3000,2840.322,1420.161,11,9,"0,53,104,138,155,182,247,270,318,367.2,399.59,457.59","0,33,54,108,128.5,166.7,215.9,242.7,268.8,340.8"
1,27,2,9,"2, 3, 6, 7, 8,12,14,15,19,20","9, 1, 4, 5,10,11,13,16,17,18",1500,1500,80.518,82.08,1419.482,1417.92,3000,2837.402,1418.701,10,10,"0,53,91,108,168,192,215,263,312.2,344.59,402.59","0,61,82,124,191.5,251.1,289.3,338.5,365.3,391.4,410.4"
1,28,2,10,"2, 3, 6, 7, 8,12,14,15,19,20","10, 1, 4, 5, 9,11,13,16,17,18",1500,1500,80.518,80.04,1419.482,1419.96,3000,2839.442,1419.721,10,10,"0,53,91,108,168,192,215,263,312.2,344.59,402.59","0,85,106,148,160,180.5,218.7,267.9,294.7,320.8,400.2"
1,29,2,11,"2, 3, 6, 7, 8,12,14,15,19,20","11, 1, 4, 5, 9,10,13,16,17,18",1500,1500,80.518,90.78,1419.482,1409.22,3000,2828.702,1414.351,10,10,"0,53,91,108,168,192,215,263,312.2,344.59,402.59","0,78,99,141,153,220.1,312.1,361.3,388.1,414.2,453.9"
1,30,2,12,"2, 3, 6, 7, 8,10,11,13,16,17,18,19","12, 1, 4, 5, 9,14,15,20",1800,1200,111.48,53.406,1688.52,1146.594,3000,2835.114,1417.557,12,8,"0,53,91,108,168,240.5,300.1,338.3,387.5,414.3,440.4,527.4,557.4","0,21,42,84,96,143,191,208.03,267.03"
1,31,2,13,"2, 3, 8,12,14,15,19,20","13, 1, 4, 5, 6, 7, 9,10,11,16,17,18",1200,1800,65.918,96.12,1134.082,1703.88,3000,2837.962,1418.981,8,12,"0,53,95,119,142,190,239.2,271.59,329.59","0,71,92,134,168,185,227,294.1,353.7,404.3,431.1,457.2,480.6"
1,32,2,14,"2, 3, 7, 8,10,12,16,17,18,19","14, 1, 4, 5, 6, 9,11,13,15,20",1500,1500,92.76,80.946,1407.24,1419.054,3000,2826.294,1413.147,10,10,"0,53,74,134,206.5,271.5,293.9,320.7,346.8,433.8,463.8","0,43,64,106,140,170,190.5,228.7,345.7,362.73,404.73"
1,33,2,15,"2, 3, 8, 9,11,13,16,17,18,19","15, 1, 4, 5, 6, 7,10,12,14,20",1500,1500,90.16,73.318,1409.84,1426.682,3000,2836.522,1418.261,10,10,"0,53,95,173,193.5,231.7,280.9,307.7,333.8,420.8,450.8","0,79,100,142,176,193,220,285,308,349.59,366.59"
1,34,2,16,"2, 3, 6, 7, 9,10,11,13,14,15,19,20","16, 1, 4, 5, 8,12,17,18",1800,1200,114.298,55.64,1685.702,1144.36,3000,2830.062,1415.031,12,8,"0,53,91,108,150,217.1,276.7,314.9,383.9,431.9,481.1,513.49,571.49","0,28,49,91,158,182,226,252.1,278.2"
1,35,2,17,"2, 3, 6, 7, 8,12,14,15,19,20","17, 1, 4, 5, 9,10,11,13,16,18",1500,1500,80.518,126.24,1419.482,1373.76,3000,2793.242,1396.621,10,10,"0,53,91,108,168,192,215,263,312.2,344.59,402.59","0,55,76,118,130,197.1,256.7,294.9,344.1,605.1,631.2"
1,36,2,18,"2, 3, 6, 7, 8,10,12,14,15,19,20","18, 1, 4, 5, 9,11,13,16,17",1650,1350,103.218,56.76,1546.782,1293.24,3000,2840.022,1420.011,11,9,"0,53,91,108,168,240.5,305.5,328.5,376.5,425.7,458.09,516.09","0,48,69,111,123,143.5,181.7,230.9,257.7,283.8"
1,37,2,19,"2, 3, 8, 9,11,13,14,15,20","19, 1, 4, 5, 6, 7,10,12,16,17,18",1350,1650,84.746,92.66,1265.254,1557.34,3000,2822.594,1411.297,9,11,"0,53,95,173,193.5,231.7,300.7,348.7,365.73,423.73","0,95,116,158,192,209,236,301,323.4,350.2,376.3,463.3"
1,38,2,20,"2, 3, 5, 9,10,11,13,14,15,19","20, 1, 4, 6, 7, 8,12,16,17,18",1500,1500,95.42,87.414,1404.58,1412.586,3000,2817.166,1408.583,10,10,"0,53,104,116,183.1,242.7,280.9,349.9,397.9,447.1,477.1","0,79,100,172,189,249,273,295.4,322.2,348.3,437.07"
1,39,3,1,"3, 4, 5, 9,10,11,13,14,15,19,20","1, 2, 6, 7, 8,12,16,17,18",1650,1350,102.498,70.06,1547.502,1279.94,3000,2827.442,1413.721,11,9,"0,67,109,121,188.1,247.7,285.9,354.9,402.9,452.1,484.49,512.49","0,97,126,143,203,227,249.4,276.2,302.3,350.3"
1,40,3,2,"3, 4, 5, 9,10,11,13,14,15,19,20","2, 1, 6, 7, 8,12,16,17,18",1650,1350,102.498,83.46,1547.502,1266.54,3000,2814.042,1407.021,11,9,"0,67,109,121,188.1,247.7,285.9,354.9,402.9,452.1,484.49,512.49","0,97,167,184,244,268,290.4,317.2,343.3,417.3"
1,41,3,4,"3, 6, 7, 8,12,14,15,16,17,19,20","4, 1, 2, 5, 9,10,11,13,18",1650,1350,86.618,83.46,1563.382,1266.54,3000,2829.922,1414.961,11,9,"0,38,55,115,139,162,210,284.8,311.6,372.7,405.09,433.09","0,21,118,180,192,259.1,318.7,356.9,380.3,417.3"
1,42,3,5,"3, 1, 2, 4, 6, 7, 8,12,14,15,19,20","5, 9,10,11,13,16,17,18",1800,1200,121.118,58.2,1678.882,1141.8,3000,2820.682,1410.341,12,8,"0,55,152,252,324,341,401,425,448,496,545.2,577.59,605.59","0,12,79.1,138.7,176.9,226.1,252.9,279,291"
1,43,3,6,"3, 4, 5, 7, 8,12,14,15,19,20","6, 1, 2, 9,10,11,13,16,17,18",1500,1500,82.918,107.2,1417.082,1392.8,3000,2809.882,1404.941,10,10,"0,67,109,150,210,234,257,305,354.2,386.59,414.59","0,70,167,223,290.1,349.7,387.9,437.1,463.9,490,536"
1,44,3,7,"3, 4, 5, 9,11,13,14,15,19,20","7, 1, 2, 6, 8,10,12,16,17,18",1500,1500,81.258,105.56,1418.742,1394.44,3000,2813.182,1406.591,10,10,"0,67,109,121,141.5,179.7,248.7,296.7,345.9,378.29,406.29","0,63,160,189,263,335.5,400.5,422.9,449.7,475.8,527.8"
1,45,3,8,"3, 1, 2, 4, 5, 6, 7, 9,10,11,13,16,17,18","8,12,14,15,19,20",2100,900,143.2,46.718,1956.8,853.282,3000,2810.082,1405.041,14,6,"0,55,152,252,294,328,345,387,454.1,513.7,551.9,601.1,627.9,654,716","0,24,47,95,144.2,176.59,233.59"
1,46,3,9,"3, 6, 7, 8,12,14,15,19,20","9, 1, 2, 4, 5,10,11,13,16,17,18",1350,1650,63.918,117.28,1286.082,1532.72,3000,2818.802,1409.401,9,11,"0,38,55,115,139,162,210,259.2,291.59,319.59","0,61,158,258,300,367.5,427.1,465.3,514.5,541.3,567.4,586.4"
1,47,3,10,"3, 8,12,14,15,16,17,19,20","10, 1, 2, 4, 5, 6, 7, 9,11,13,18",1350,1650,72.018,115.7,1277.982,1534.3,3000,2812.282,1406.141,9,11,"0,42,66,89,137,211.8,238.6,299.7,332.09,360.09","0,85,182,282,324,358,375,417,437.5,475.7,499.1,578.5"
1,48,3,11,"3, 4, 5, 9,13,14,15,19,20","11, 1, 2, 6, 7, 8,10,12,16,17,18",1350,1650,74.538,106.7,1275.462,1543.3,3000,2818.762,1409.381,9,11,"0,67,109,121,146.1,215.1,263.1,312.3,344.69,372.69","0,78,175,204,221,281,353.5,418.5,440.9,467.7,493.8,533.5"
1,49,3,12,"3, 4, 5, 9,10,11,13,14,15,19,20","12, 1, 2, 6, 7, 8,16,17,18",1650,1350,102.498,74.2,1547.502,1275.8,3000,2823.302,1411.651,11,9,"0,67,109,121,188.1,247.7,285.9,354.9,402.9,452.1,484.49,512.49","0,21,118,147,164,224,270.1,296.9,323,371"
1,50,3,13,"3, 6, 7, 8,12,14,15,19,20","13, 1, 2, 4, 5, 9,10,11,16,17,18",1350,1650,63.918,115.12,1286.082,1534.88,3000,2820.962,1410.481,9,11,"0,38,55,115,139,162,210,259.2,291.59,319.59","0,71,168,268,310,322,389.1,448.7,499.3,526.1,552.2,575.6"
1,51,3,14,"3, 4, 5, 9,10,11,13,15,19,20","14, 1, 2, 6, 7, 8,12,16,17,18",1500,1500,102.498,78.86,1397.502,1421.14,3000,2818.642,1409.321,10,10,"0,67,109,121,188.1,247.7,285.9,402.9,452.1,484.49,512.49","0,43,140,169,186,246,270,292.4,319.2,345.3,394.3"
1,52,3,15,"3, 4, 5, 9,10,11,13,16,17,18","15, 1, 2, 6, 7, 8,12,14,19,20",1500,1500,90,86.158,1410,1413.842,3000,2823.842,1411.921,10,10,"0,67,109,121,188.1,247.7,285.9,335.1,361.9,388,450","0,79,176,205,222,282,306,329,381.4,413.79,430.79"
1,53,3,16,"3, 4, 5, 9,12,14,15,19,20","16, 1, 2, 6, 7, 8,10,11,13,17,18",1350,1650,71.318,98.58,1278.682,1551.42,3000,2830.102,1415.051,9,11,"0,67,109,121,176,199,247,296.2,328.59,356.59","0,28,125,154,171,231,303.5,363.1,401.3,440.7,466.8,492.9"
1,54,3,17,"3, 4, 5, 8,12,14,15,19,20","17, 1, 2, 6, 7, 9,10,11,13,16,18",1350,1650,76.118,148.24,1273.882,1501.76,3000,2775.642,1387.821,9,11,"0,67,109,176,200,223,271,320.2,352.59,380.59","0,55,152,181,198,240,307.1,366.7,404.9,454.1,715.1,741.2"
1,55,3,18,"3, 6, 7, 8,12,14,15,19,20","18, 1, 2, 4, 5, 9,10,11,13,16,17",1350,1650,63.918,113.2,1286.082,1536.8,3000,2822.882,1411.441,9,11,"0,38,55,115,139,162,210,259.2,291.59,319.59","0,48,145,245,287,299,366.1,425.7,463.9,513.1,539.9,566"
1,56,3,19,"3, 4, 5, 9,10,11,13,14,15,20","19, 1, 2, 6, 7, 8,12,16,17,18",1500,1500,89.586,96.86,1410.414,1403.14,3000,2813.554,1406.777,10,10,"0,67,109,121,188.1,247.7,285.9,354.9,402.9,419.93,447.93","0,95,192,221,238,298,322,344.4,371.2,397.3,484.3"
1,57,3,20,"3, 4, 5, 9,10,11,13,14,15","20, 1, 2, 6, 7, 8,12,16,17,18,19",1350,1650,87.78,100.138,1262.22,1549.862,3000,2812.082,1406.041,9,11,"0,67,109,121,188.1,247.7,285.9,354.9,402.9,438.9","0,79,176,205,222,282,306,328.4,355.2,381.3,468.3,500.69"
1,58,4,1,"4, 5, 9,10,11,13,14,15,19,20","1, 2, 3, 6, 7, 8,12,16,17,18",1500,1500,102.298,82.46,1397.702,1417.54,3000,2815.242,1407.621,10,10,"0,42,54,121.1,180.7,218.9,287.9,335.9,385.1,417.49,511.49","0,97,150,188,205,265,289,311.4,338.2,364.3,412.3"
1,59,4,2,"4, 1, 5, 9,10,11,13,16,17,18","2, 3, 6, 7, 8,12,14,15,19,20",1500,1500,77.2,80.518,1422.8,1419.482,3000,2842.282,1421.141,10,10,"0,21,70,82,149.1,208.7,246.9,296.1,322.9,349,386","0,53,91,108,168,192,215,263,312.2,344.59,402.59"
1,60,4,3,"4, 1, 2, 5, 9,10,11,13,16,17,18","3, 6, 7, 8,12,14,15,19,20",1650,1350,99.2,63.918,1550.8,1286.082,3000,2836.882,1418.441,11,9,"0,21,118,180,192,259.1,318.7,356.9,406.1,432.9,459,496","0,38,55,115,139,162,210,259.2,291.59,319.59"
1,61,4,5,"4, 8,12,14,15,19,20","5, 1, 2, 3, 6, 7, 9,10,11,13,16,17,18",1050,1950,64.918,115,985.082,1835,3000,2820.082,1410.041,7,13,"0,54,78,101,149,198.2,230.59,324.59","0,49,146,199,237,254,296,363.1,422.7,460.9,510.1,536.9,563,575"
1,62,4,6,"4, 1, 2, 3, 5, 9,12,14,15,19,20","6, 7, 8,10,11,13,16,17,18",1650,1350,107.118,79.08,1542.882,1270.92,3000,2813.802,1406.901,11,9,"0,21,118,171,222,234,289,312,360,409.2,441.59,535.59","0,17,77,149.5,209.1,247.3,296.5,323.3,349.4,395.4"
1,63,4,7,"4, 5, 9,10,11,13,14,15,19,20","7, 1, 2, 3, 6, 8,12,16,17,18",1500,1500,102.298,95.26,1397.702,1404.74,3000,2802.442,1401.221,10,10,"0,42,54,121.1,180.7,218.9,287.9,335.9,385.1,417.49,511.49","0,63,160,213,251,325,349,371.4,398.2,424.3,476.3"
1,64,4,8,"4, 5, 6, 9,10,11,13,16,17,18","8, 1, 2, 3, 7,12,14,15,19,20",1500,1500,82,91.718,1418,1408.282,3000,2826.282,1413.141,10,10,"0,42,76,106,173.1,232.7,270.9,320.1,346.9,373,410","0,33,130,183,204,249,272,320,369.2,401.59,458.59"
1,65,4,9,"4, 5, 6, 7,10,11,13,16,17,18","9, 1, 2, 3, 8,12,14,15,19,20",1500,1500,71.38,102.118,1428.62,1397.882,3000,2826.502,1413.251,10,10,"0,42,76,93,120,179.6,217.8,267,293.8,319.9,356.9","0,61,158,211,253,277,300,348,397.2,429.59,510.59"
1,66,4,10,"4, 5, 9,12,16,17,18","10, 1, 2, 3, 6, 7, 8,11,13,14,15,19,20",1050,1950,44.26,140.598,1005.74,1809.402,3000,2815.142,1407.571,7,13,"0,42,54,109,131.4,158.2,184.3,221.3","0,85,182,235,273,290,350,440,478.2,547.2,595.2,644.4,676.79,702.99"
1,67,4,11,"4, 5, 6, 7,10,12,14,15,19,20","11, 1, 2, 3, 8, 9,13,16,17,18",1500,1500,86.318,102.98,1413.682,1397.02,3000,2810.702,1405.351,10,10,"0,42,76,93,120,185,208,256,305.2,337.59,431.59","0,78,175,228,270,348,373.1,422.3,449.1,475.2,514.9"
1,68,4,12,"4, 5, 9,10,11,13,16,17,18","12, 1, 2, 3, 6, 7, 8,14,15,19,20",1350,1650,71.6,102.518,1278.4,1547.482,3000,2825.882,1412.941,9,11,"0,42,54,121.1,180.7,218.9,268.1,294.9,321,358","0,21,118,171,209,226,286,324,372,421.2,453.59,512.59"
1,69,4,13,"4, 5, 6, 7,10,12,16,17,18","13, 1, 2, 3, 8, 9,11,14,15,19,20",1350,1650,59.46,130.218,1290.54,1519.782,3000,2810.322,1405.161,9,11,"0,42,76,93,120,185,207.4,234.2,260.3,297.3","0,71,168,221,263,341,361.5,415.5,463.5,512.7,545.09,651.09"
1,70,4,14,"4, 5, 9,10,11,13,16,17,18","14, 1, 2, 3, 6, 7, 8,12,15,19,20",1350,1650,71.6,103.118,1278.4,1546.882,3000,2825.282,1412.641,9,11,"0,42,54,121.1,180.7,218.9,268.1,294.9,321,358","0,43,140,193,231,248,308,332,392,441.2,473.59,515.59"
1,71,4,15,"4, 5, 9,10,11,13,16,17,18","15, 1, 2, 3, 6, 7, 8,12,14,19,20",1350,1650,71.6,98.558,1278.4,1551.442,3000,2829.842,1414.921,9,11,"0,42,54,121.1,180.7,218.9,268.1,294.9,321,358","0,79,176,229,267,284,344,368,391,443.4,475.79,492.79"
1,72,4,16,"4, 5, 9,10,11,13,14,15,19,20","16, 1, 2, 3, 6, 7, 8,12,17,18",1500,1500,102.298,82.64,1397.702,1417.36,3000,2815.062,1407.531,10,10,"0,42,54,121.1,180.7,218.9,287.9,335.9,385.1,417.49,511.49","0,28,125,178,216,233,293,317,361,387.1,413.2"
1,73,4,17,"4, 5, 6, 7,10,12,14,15,19,20","17, 1, 2, 3, 8, 9,11,13,16,18",1500,1500,86.318,144,1413.682,1356,3000,2769.682,1384.841,10,10,"0,42,76,93,120,185,208,256,305.2,337.59,431.59","0,55,152,205,247,325,345.5,383.7,432.9,693.9,720"
1,74,4,18,"4, 5, 9,10,11,13,14,15,19,20","18, 1, 2, 3, 6, 7, 8,12,16,17",1500,1500,102.298,82.46,1397.702,1417.54,3000,2815.242,1407.621,10,10,"0,42,54,121.1,180.7,218.9,287.9,335.9,385.1,417.49,511.49","0,48,145,198,236,253,313,337,359.4,386.2,412.3"
1,75,4,19,"4, 5, 6, 7,10,12,16,17,18","19, 1, 2, 3, 8, 9,11,13,14,15,20",1350,1650,59.46,118.026,1290.54,1531.974,3000,2822.514,1411.257,9,11,"0,42,76,93,120,185,207.4,234.2,260.3,297.3","0,95,192,245,287,365,385.5,423.7,492.7,540.7,557.73,590.13"
1,76,4,20,"4, 5, 6, 7, 9,10,11,13,18","20, 1, 2, 3, 8,12,14,15,16,17,19",1350,1650,72.06,112.218,1277.94,1537.782,3000,2815.722,1407.861,9,11,"0,42,76,93,135,202.1,261.7,299.9,323.3,360.3","0,79,176,229,271,295,318,366,440.8,467.6,528.7,561.09"
1,77,5,1,"5, 9,10,11,13,14,15,19,20","1, 2, 3, 4, 6, 7, 8,12,16,17,18",1350,1650,90.698,102.66,1259.302,1547.34,3000,2806.642,1403.321,9,11,"0,12,79.1,138.7,176.9,245.9,293.9,343.1,375.49,453.49","0,97,150,217,289,306,366,390,412.4,439.2,465.3,513.3"
1,78,5,2,"5, 1, 4, 6, 7, 9,10,11,13,16,17,18","2, 3, 8,12,14,15,19,20",1800,1200,96,65.918,1704,1134.082,3000,2838.082,1419.041,12,8,"0,49,70,142,159,201,268.1,327.7,365.9,415.1,441.9,468,480","0,53,95,119,142,190,239.2,271.59,329.59"
1,79,5,3,"5, 6, 7, 9,11,13,16,17,18","3, 1, 2, 4, 8,10,12,14,15,19,20",1350,1650,53.16,124.818,1296.84,1525.182,3000,2822.022,1411.011,9,11,"0,34,51,93,113.5,151.7,200.9,227.7,253.8,265.8","0,55,152,252,306,378.5,443.5,466.5,514.5,563.7,596.09,624.09"
1,80,5,4,"5, 1, 2, 3, 6, 7,10,12,14,15,19,20","4, 8, 9,11,13,16,17,18",1800,1200,115.318,65.96,1684.682,1134.04,3000,2818.722,1409.361,12,8,"0,49,146,199,237,254,281,346,369,417,466.2,498.59,576.59","0,54,132,152.5,190.7,239.9,266.7,292.8,329.8"
1,81,5,6,"5, 9,11,13,16,17,18","6, 1, 2, 3, 4, 7, 8,10,12,14,15,19,20",1050,1950,36.96,152.818,1013.04,1797.182,3000,2810.222,1405.111,7,13,"0,12,32.5,70.7,119.9,146.7,172.8,184.8","0,70,167,220,287,357,417,489.5,554.5,577.5,625.5,674.7,707.09,764.09"
1,82,5,7,"5, 9,11,13,16,17,18","7, 1, 2, 3, 4, 6, 8,10,12,14,15,19,20",1050,1950,36.96,151.218,1013.04,1798.782,3000,2811.822,1405.911,7,13,"0,12,32.5,70.7,119.9,146.7,172.8,184.8","0,63,160,213,280,352,426,498.5,563.5,586.5,634.5,683.7,716.09,756.09"
1,83,5,8,"5, 6, 7, 9,10,11,13,16,17,18","8, 1, 2, 3, 4,12,14,15,19,20",1500,1500,74.4,99.318,1425.6,1400.682,3000,2826.282,1413.141,10,10,"0,34,51,93,160.1,219.7,257.9,307.1,333.9,360,372","0,33,130,183,250,287,310,358,407.2,439.59,496.59"
1,84,5,9,"5, 6, 7,10,12,16,17,18","9, 1, 2, 3, 4, 8,11,13,14,15,19,20",1200,1800,46.06,147.958,1153.94,1652.042,3000,2805.982,1402.991,8,12,"0,34,51,78,143,165.4,192.2,218.3,230.3","0,61,158,211,278,332,422,460.2,529.2,577.2,626.4,658.79,739.79"
1,85,5,10,"5, 6, 7, 9,11,13,16,17,18","10, 1, 2, 3, 4, 8,12,14,15,19,20",1350,1650,53.16,111.758,1296.84,1538.242,3000,2835.082,1417.541,9,11,"0,34,51,93,113.5,151.7,200.9,227.7,253.8,265.8","0,85,182,235,302,356,380,403,451,500.2,532.59,558.79"
1,86,5,11,"5, 6, 7,10,12,16,17,18","11, 1, 2, 3, 4, 8, 9,13,14,15,19,20",1200,1800,46.06,146.018,1153.94,1653.982,3000,2807.922,1403.961,8,12,"0,34,51,78,143,165.4,192.2,218.3,230.3","0,78,175,228,295,349,427,452.1,521.1,569.1,618.3,650.69,730.09"
1,87,5,12,"5, 9,10,11,13,16,17,18","12, 1, 2, 3, 4, 6, 7, 8,14,15,19,20",1200,1800,58.2,122.718,1141.8,1677.282,3000,2819.082,1409.541,8,12,"0,12,79.1,138.7,176.9,226.1,252.9,279,291","0,21,118,171,238,310,327,387,425,473,522.2,554.59,613.59"
1,88,5,13,"5, 6, 7,10,12,14,15,19,20","13, 1, 2, 3, 4, 8, 9,11,16,17,18",1350,1650,74.718,113.48,1275.282,1536.52,3000,2811.802,1405.901,9,11,"0,34,51,78,143,166,214,263.2,295.59,373.59","0,71,168,221,288,342,420,440.5,491.1,517.9,544,567.4"
1,89,5,14,"5, 6, 7, 9,10,11,13,16,17,18","14, 1, 2, 3, 4, 8,12,15,19,20",1500,1500,74.4,104.318,1425.6,1395.682,3000,2821.282,1410.641,10,10,"0,34,51,93,160.1,219.7,257.9,307.1,333.9,360,372","0,43,140,193,260,314,338,398,447.2,479.59,521.59"
1,90,5,15,"5, 6, 7,10,12,16,17,18","15, 1, 2, 3, 4, 8, 9,11,13,14,19,20",1200,1800,46.06,131.498,1153.94,1668.502,3000,2822.442,1411.221,8,12,"0,34,51,78,143,165.4,192.2,218.3,230.3","0,79,176,229,296,350,428,448.5,486.7,555.7,608.1,640.49,657.49"
1,91,5,16,"5, 6, 7,10,12,14,15,19,20","16, 1, 2, 3, 4, 8, 9,11,13,17,18",1350,1650,74.718,105.46,1275.282,1544.54,3000,2819.822,1409.911,9,11,"0,34,51,78,143,166,214,263.2,295.59,373.59","0,28,125,178,245,299,377,397.5,435.7,475.1,501.2,527.3"
1,92,5,17,"5, 6, 7, 9,10,11,13,18","17, 1, 2, 3, 4, 8,12,14,15,16,19,20",1200,1800,58.66,134.098,1141.34,1665.902,3000,2807.242,1403.621,8,12,"0,34,51,93,160.1,219.7,257.9,281.3,293.3","0,55,152,205,272,326,350,373,421,495.8,571.5,603.89,670.49"
1,93,5,18,"5, 6, 7, 9,10,11,13,14,15,19,20","18, 1, 2, 3, 4, 8,12,16,17",1650,1350,106.898,83.66,1543.102,1266.34,3000,2809.442,1404.721,11,9,"0,34,51,93,160.1,219.7,257.9,326.9,374.9,424.1,456.49,534.49","0,48,145,198,265,319,343,365.4,392.2,418.3"
1,94,5,19,"5, 6, 7, 9,10,11,13,16,17,18","19, 1, 2, 3, 4, 8,12,14,15,20",1500,1500,74.4,102.086,1425.6,1397.914,3000,2823.514,1411.757,10,10,"0,34,51,93,160.1,219.7,257.9,307.1,333.9,360,372","0,95,192,245,312,366,390,413,461,478.03,510.43"
1,95,5,20,"5, 6, 7,10,12,16,17,18","20, 1, 2, 3, 4, 8, 9,11,13,14,15,19",1200,1800,46.06,137.058,1153.94,1662.942,3000,2816.882,1408.441,8,12,"0,34,51,78,143,165.4,192.2,218.3,230.3","0,79,176,229,296,350,428,448.5,486.7,555.7,603.7,652.9,685.29"
1,96,6,1,"6, 7, 8,12,14,15,19,20","1, 2, 3, 4, 5, 9,10,11,13,16,17,18",1200,1800,62.118,117.2,1137.882,1682.8,3000,2820.682,1410.341,8,12,"0,17,77,101,124,172,221.2,253.59,310.59","0,97,150,217,259,271,338.1,397.7,435.9,485.1,511.9,538,586"
1,97,6,2,"6, 1, 4, 5, 7,10,12,16,17,18","2, 3, 8, 9,11,13,14,15,19,20",1500,1500,77.46,97.658,1422.54,1402.342,3000,2824.882,1412.441,10,10,"0,70,91,133,174,201,266,288.4,315.2,341.3,387.3","0,53,95,173,193.5,231.7,300.7,348.7,397.9,430.29,488.29"
1,98,6,3,"6, 1, 2, 7, 8,12,16,17,18","3, 4, 5, 9,10,11,13,14,15,19,20",1350,1650,81.46,102.498,1268.54,1547.502,3000,2816.042,1408.021,9,11,"0,70,167,202,262,286,308.4,335.2,361.3,407.3","0,67,109,121,188.1,247.7,285.9,354.9,402.9,452.1,484.49,512.49"
1,99,6,4,"6, 1, 2, 3, 5, 7, 9,10,11,13,14,15,19,20","4, 8,12,16,17,18",2100,900,154.898,38.06,1945.102,861.94,3000,2807.042,1403.521,14,6,"0,70,167,220,271,312,354,421.1,480.7,518.9,587.9,635.9,685.1,717.49,774.49","0,54,78,100.4,127.2,153.3,190.3"
1,100,6,5,"6, 1, 2, 3, 4, 7, 8,12,14,15,19,20","5, 9,10,11,13,16,17,18",1800,1200,130.118,58.2,1669.882,1141.8,3000,2811.682,1405.841,12,8,"0,70,167,220,287,357,417,441,464,512,561.2,593.59,650.59","0,12,79.1,138.7,176.9,226.1,252.9,279,291"
1,101,6,7,"6, 1, 2, 3, 4, 5,10,12,14,15,19,20","7, 8, 9,11,13,16,17,18",1800,1200,134.218,70.16,1665.782,1129.84,3000,2795.622,1397.811,12,8,"0,70,167,220,287,329,396.5,461.5,484.5,532.5,581.7,614.09,671.09","0,60,138,158.5,196.7,245.9,272.7,298.8,350.8"
1,102,6,8,"6, 7, 9,10,11,13,16,17,18","8, 1, 2, 3, 4, 5,12,14,15,19,20",1350,1650,74.4,109.118,1275.6,1540.882,3000,2816.482,1408.241,9,11,"0,17,59,126.1,185.7,223.9,273.1,299.9,326,372","0,33,130,183,250,292,336,359,407,456.2,488.59,545.59"
1,103,6,9,"6, 7, 8,12,14,15,19,20","9, 1, 2, 3, 4, 5,10,11,13,16,17,18",1200,1800,62.118,121.28,1137.882,1678.72,3000,2816.602,1408.301,8,12,"0,17,77,101,124,172,221.2,253.59,310.59","0,61,158,211,278,320,387.5,447.1,485.3,534.5,561.3,587.4,606.4"
1,104,6,10,"6, 7, 8,12,14,15,19,20","10, 1, 2, 3, 4, 5, 9,11,13,16,17,18",1200,1800,62.118,119.24,1137.882,1680.76,3000,2818.642,1409.321,8,12,"0,17,77,101,124,172,221.2,253.59,310.59","0,85,182,235,302,344,356,376.5,414.7,463.9,490.7,516.8,596.2"
1,105,6,11,"6, 7, 8,12,16,17,18","11, 1, 2, 3, 4, 5, 9,10,13,14,15,19,20",1050,1950,44.46,157.218,1005.54,1792.782,3000,2798.322,1399.161,7,13,"0,17,77,101,123.4,150.2,176.3,222.3","0,78,175,228,295,337,349,416.1,508.1,577.1,625.1,674.3,706.69,786.09"
1,106,6,12,"6, 7, 9,10,11,13,16,17,18","12, 1, 2, 3, 4, 5, 8,14,15,19,20",1350,1650,74.4,114.718,1275.6,1535.282,3000,2810.882,1405.441,9,11,"0,17,59,126.1,185.7,223.9,273.1,299.9,326,372","0,21,118,171,238,280,347,385,433,482.2,514.59,573.59"
1,107,6,13,"6, 7, 8,12,14,15,19,20","13, 1, 2, 3, 4, 5, 9,10,11,16,17,18",1200,1800,62.118,119.12,1137.882,1680.88,3000,2818.762,1409.381,8,12,"0,17,77,101,124,172,221.2,253.59,310.59","0,71,168,221,288,330,342,409.1,468.7,519.3,546.1,572.2,595.6"
1,108,6,14,"6, 7, 8,12,16,17,18","14, 1, 2, 3, 4, 5, 9,10,11,13,15,19,20",1050,1950,44.46,143.898,1005.54,1806.102,3000,2811.642,1405.821,7,13,"0,17,77,101,123.4,150.2,176.3,222.3","0,43,140,193,260,302,314,381.1,440.7,478.9,595.9,645.1,677.49,719.49"
1,109,6,15,"6, 7, 9,11,13,16,17,18","15, 1, 2, 3, 4, 5, 8,10,12,14,19,20",1200,1800,53.16,133.458,1146.84,1666.542,3000,2813.382,1406.691,8,12,"0,17,59,79.5,117.7,166.9,193.7,219.8,265.8","0,79,176,229,296,338,405,477.5,542.5,565.5,617.9,650.29,667.29"
1,110,6,16,"6, 7, 8,12,14,15,19,20","16, 1, 2, 3, 4, 5, 9,10,11,13,17,18",1200,1800,62.118,111.1,1137.882,1688.9,3000,2826.782,1413.391,8,12,"0,17,77,101,124,172,221.2,253.59,310.59","0,28,125,178,245,287,299,366.1,425.7,463.9,503.3,529.4,555.5"
1,111,6,17,"6, 7, 8,12,14,15,19,20","17, 1, 2, 3, 4, 5, 9,10,11,13,16,18",1200,1800,62.118,165.44,1137.882,1634.56,3000,2772.442,1386.221,8,12,"0,17,77,101,124,172,221.2,253.59,310.59","0,55,152,205,272,314,326,393.1,452.7,490.9,540.1,801.1,827.2"
1,112,6,18,"6, 7, 8,12,14,15,19,20","18, 1, 2, 3, 4, 5, 9,10,11,13,16,17",1200,1800,62.118,117.2,1137.882,1682.8,3000,2820.682,1410.341,8,12,"0,17,77,101,124,172,221.2,253.59,310.59","0,48,145,198,265,307,319,386.1,445.7,483.9,533.1,559.9,586"
1,113,6,19,"6, 9,11,13,16,17,18","19, 1, 2, 3, 4, 5, 7, 8,10,12,14,15,20",1050,1950,47.36,142.586,1002.64,1807.414,3000,2810.054,1405.027,7,13,"0,30,50.5,88.7,137.9,164.7,190.8,236.8","0,95,192,245,312,354,395,455,527.5,592.5,615.5,663.5,680.53,712.93"
1,114,6,20,"6, 9,10,11,13,16,17,18","20, 1, 2, 3, 4, 5, 7, 8,12,14,15,19",1200,1800,68.6,123.118,1131.4,1676.882,3000,2808.282,1404.141,8,12,"0,30,97.1,156.7,194.9,244.1,270.9,297,343","0,79,176,229,296,338,379,439,463,486,534,583.2,615.59"
1,115,7,1,"7, 8,12,14,15,19,20","1, 2, 3, 4, 5, 6, 9,10,11,13,16,17,18",1050,1950,55.318,127.6,994.682,1822.4,3000,2817.082,1408.541,7,13,"0,60,84,107,155,204.2,236.59,276.59","0,97,150,217,259,293,323,390.1,449.7,487.9,537.1,563.9,590,638"
1,116,7,2,"7, 1, 4, 5, 6, 9,10,11,13,16,17,18","2, 3, 8,12,14,15,19,20",1800,1200,101.8,65.918,1698.2,1134.082,3000,2832.282,1416.141,12,8,"0,63,84,126,160,190,257.1,316.7,354.9,404.1,430.9,457,509","0,53,95,119,142,190,239.2,271.59,329.59"
1,117,7,3,"7, 1, 2, 6, 9,11,13,16,17,18","3, 4, 5, 8,10,12,14,15,19,20",1500,1500,86.36,98.818,1413.64,1401.182,3000,2814.822,1407.411,10,10,"0,63,160,189,219,239.5,277.7,326.9,353.7,379.8,431.8","0,67,109,176,248.5,313.5,336.5,384.5,433.7,466.09,494.09"
1,118,7,4,"7, 1, 2, 3, 6, 8,12,14,15,19,20","4, 5, 9,10,11,13,16,17,18",1650,1350,108.318,71.6,1541.682,1278.4,3000,2820.082,1410.041,11,9,"0,63,160,213,251,325,349,372,420,469.2,501.59,541.59","0,42,54,121.1,180.7,218.9,268.1,294.9,321,358"
1,119,7,5,"7, 1, 2, 3, 4, 6, 9,10,11,13,16,17,18","5, 8,12,14,15,19,20",1950,1050,140.2,64.318,1809.8,985.682,3000,2795.482,1397.741,13,7,"0,63,160,213,280,352,382,449.1,508.7,546.9,596.1,622.9,649,701","0,67,91,114,162,211.2,243.59,321.59"
1,120,7,6,"7, 1, 2, 3, 4, 5, 8,12,16,17,18","6, 9,10,11,13,14,15,19,20",1650,1350,108.06,90.098,1541.94,1259.902,3000,2801.842,1400.921,11,9,"0,63,160,213,280,322,389,413,435.4,462.2,488.3,540.3","0,30,97.1,156.7,194.9,263.9,311.9,361.1,393.49,450.49"
1,121,7,8,"7, 1, 2, 3, 4, 5, 6,10,12,16,17,18","8, 9,11,13,14,15,19,20",1800,1200,117.26,78.458,1682.74,1121.542,3000,2804.282,1402.141,12,8,"0,63,160,213,280,322,356,394,459,481.4,508.2,534.3,586.3","0,78,98.5,136.7,205.7,253.7,302.9,335.29,392.29"
1,122,7,9,"7, 8,12,14,15,16,17,19,20","9, 1, 2, 3, 4, 5, 6,10,11,13,18",1350,1650,78.018,106.44,1271.982,1543.56,3000,2815.542,1407.771,9,11,"0,60,84,107,155,229.8,256.6,317.7,350.09,390.09","0,61,158,211,278,320,354,392,451.6,489.8,513.2,532.2"
1,123,7,10,"7, 1, 2, 3, 4, 5, 6, 8, 9,11,13,14,15,20","10,12,16,17,18,19",2100,900,148.146,47.46,1951.854,852.54,3000,2804.394,1402.197,14,6,"0,63,160,213,280,322,356,430,508,528.5,566.7,635.7,683.7,700.73,740.73","0,65,87.4,114.2,140.3,227.3,237.3"
1,124,7,11,"7, 8,12,14,15,19,20","11, 1, 2, 3, 4, 5, 6, 9,10,13,16,17,18",1050,1950,55.318,140.38,994.682,1809.62,3000,2804.302,1402.151,7,13,"0,60,84,107,155,204.2,236.59,276.59","0,78,175,228,295,337,371,401,468.1,560.1,609.3,636.1,662.2,701.9"
1,125,7,12,"7, 8,10,11,13,15,19,20","12, 1, 2, 3, 4, 5, 6, 9,14,16,17,18",1200,1800,93.778,103.88,1106.222,1696.12,3000,2802.342,1401.171,8,12,"0,60,132.5,192.1,230.3,347.3,396.5,428.89,468.89","0,21,118,171,238,280,314,344,391,418.5,445.3,471.4,519.4"
1,126,7,13,"7, 1, 2, 3, 4, 5, 6, 8, 9,10,11,12,14,15,19,20","13,16,17,18",2400,600,179.058,25.1,2220.942,574.9,3000,2795.842,1397.921,16,4,"0,63,160,213,280,322,356,430,508,575.1,634.7,702.7,725.7,773.7,822.9,855.29,895.29","0,49.2,76,102.1,125.5"
1,127,7,14,"7, 9,10,11,13,16,17,18","14, 1, 2, 3, 4, 5, 6, 8,12,15,19,20",1200,1800,72.2,123.518,1127.8,1676.482,3000,2804.282,1402.141,8,12,"0,42,109.1,168.7,206.9,256.1,282.9,309,361","0,43,140,193,260,302,336,410,434,494,543.2,575.59,617.59"
1,128,7,15,"7, 8,12,16,17,18","15, 1, 2, 3, 4, 5, 6, 9,10,11,13,14,19,20",900,2100,42.26,147.538,857.74,1952.462,3000,2810.202,1405.101,6,14,"0,60,84,106.4,133.2,159.3,211.3","0,79,176,229,296,338,372,402,469.1,528.7,566.9,635.9,688.3,720.69,737.69"
1,129,7,16,"7, 8,10,11,13,14,15,19,20","16, 1, 2, 3, 4, 5, 6, 9,12,17,18",1350,1650,93.778,100.44,1256.222,1549.56,3000,2805.782,1402.891,9,11,"0,60,132.5,192.1,230.3,299.3,347.3,396.5,428.89,468.89","0,28,125,178,245,287,321,351,406,450,476.1,502.2"
1,130,7,17,"7, 8, 9,11,13,14,15,19,20","17, 1, 2, 3, 4, 5, 6,10,12,16,18",1350,1650,87.058,152.1,1262.942,1497.9,3000,2760.842,1380.421,9,11,"0,60,138,158.5,196.7,265.7,313.7,362.9,395.29,435.29","0,55,152,205,272,314,348,386,451,473.4,734.4,760.5"
1,131,7,18,"7, 8, 9,11,13,14,15,19,20","18, 1, 2, 3, 4, 5, 6,10,12,16,17",1350,1650,87.058,103.86,1262.942,1546.14,3000,2809.082,1404.541,9,11,"0,60,138,158.5,196.7,265.7,313.7,362.9,395.29,435.29","0,48,145,198,265,307,341,379,444,466.4,493.2,519.3"
1,132,7,19,"7, 8, 9,11,13,16,17,18","19, 1, 2, 3, 4, 5, 6,10,12,14,15,20",1200,1800,70.16,122.286,1129.84,1677.714,3000,2807.554,1403.777,8,12,"0,60,138,158.5,196.7,245.9,272.7,298.8,350.8","0,95,192,245,312,354,388,426,491,514,562,579.03,611.43"
1,133,7,20,"7, 8,12,16,17,18","20, 1, 2, 3, 4, 5, 6, 9,10,11,13,14,15,19",900,2100,42.26,153.098,857.74,1946.902,3000,2804.642,1402.321,6,14,"0,60,84,106.4,133.2,159.3,211.3","0,79,176,229,296,338,372,402,469.1,528.7,566.9,635.9,683.9,733.1,765.49"
1,134,8,1,"8, 9,11,13,14,15,19,20","1, 2, 3, 4, 5, 6, 7,10,12,16,17,18",1200,1800,78.458,105.06,1121.542,1694.94,3000,2816.482,1408.241,8,12,"0,78,98.5,136.7,205.7,253.7,302.9,335.29,392.29","0,97,150,217,259,293,310,337,402,424.4,451.2,477.3,525.3"
1,135,8,2,"8, 1, 4, 5, 6, 7, 9,11,13,16,17,18","2, 3,10,12,14,15,19,20",1800,1200,84.36,71.958,1715.64,1128.042,3000,2843.682,1421.841,12,8,"0,33,54,96,130,147,189,209.5,247.7,296.9,323.7,349.8,421.8","0,53,84.2,149.2,172.2,220.2,269.4,301.79,359.79"
1,136,8,3,"8, 1, 2, 7, 9,11,13,16,17,18","3, 4, 5, 6,10,12,14,15,19,20",1500,1500,87.96,85.318,1412.04,1414.682,3000,2826.722,1413.361,10,10,"0,33,130,165,207,227.5,265.7,314.9,341.7,367.8,439.8","0,67,109,143,181,246,269,317,366.2,398.59,426.59"
1,137,8,4,"8, 1, 2, 3, 6, 7,12,14,15,19,20","4, 5, 9,10,11,13,16,17,18",1650,1350,98.518,71.6,1551.482,1278.4,3000,2829.882,1414.941,11,9,"0,33,130,183,221,238,283,306,354,403.2,435.59,492.59","0,42,54,121.1,180.7,218.9,268.1,294.9,321,358"
1,138,8,5,"8,10,12,14,15,19,20","5, 1, 2, 3, 4, 6, 7, 9,11,13,16,17,18",1050,1950,69.418,113.96,980.582,1836.04,3000,2816.622,1408.311,7,13,"0,72.5,137.5,160.5,208.5,257.7,290.09,347.09","0,49,146,199,266,338,355,397,417.5,455.7,504.9,531.7,557.8,569.8"
1,139,8,6,"8, 1, 2, 3, 4, 5,12,16,17,18","6, 7, 9,10,11,13,14,15,19,20",1500,1500,96.66,95.898,1403.34,1404.102,3000,2807.442,1403.721,10,10,"0,33,130,183,250,292,336,358.4,385.2,411.3,483.3","0,17,59,126.1,185.7,223.9,292.9,340.9,390.1,422.49,479.49"
1,140,8,7,"8, 9,11,13,16,17,18","7, 1, 2, 3, 4, 5, 6,10,12,14,15,19,20",1050,1950,62.16,130.318,987.84,1819.682,3000,2807.522,1403.761,7,13,"0,78,98.5,136.7,185.9,212.7,238.8,310.8","0,63,160,213,280,322,356,394,459,482,530,579.2,611.59,651.59"
1,141,8,9,"8,10,12,14,15,19,20","9, 1, 2, 3, 4, 5, 6, 7,11,13,16,17,18",1050,1950,69.418,114,980.582,1836,3000,2816.582,1408.291,7,13,"0,72.5,137.5,160.5,208.5,257.7,290.09,347.09","0,61,158,211,278,320,354,371,410.7,448.9,498.1,524.9,551,570"
1,142,8,10,"8,12,14,15,19,20","10, 1, 2, 3, 4, 5, 6, 7, 9,11,13,16,17,18",900,2100,46.718,135.44,853.282,1964.56,3000,2817.842,1408.921,6,14,"0,24,47,95,144.2,176.59,233.59","0,85,182,235,302,344,378,395,437,457.5,495.7,544.9,571.7,597.8,677.2"
1,143,8,11,"8,10,12,14,15,19,20","11, 1, 2, 3, 4, 5, 6, 7, 9,13,16,17,18",1050,1950,69.418,119.38,980.582,1830.62,3000,2811.202,1405.601,7,13,"0,72.5,137.5,160.5,208.5,257.7,290.09,347.09","0,78,175,228,295,337,371,388,430,455.1,504.3,531.1,557.2,596.9"
1,144,8,12,"8, 9,11,13,16,17,18","12, 1, 2, 3, 4, 5, 6, 7,10,14,15,19,20",1050,1950,62.16,117.718,987.84,1832.282,3000,2820.122,1410.061,7,13,"0,78,98.5,136.7,185.9,212.7,238.8,310.8","0,21,118,171,238,280,314,331,358,400,448,497.2,529.59,588.59"
1,145,8,13,"8,10,12,14,15,19,20","13, 1, 2, 3, 4, 5, 6, 7, 9,11,16,17,18",1050,1950,69.418,114.08,980.582,1835.92,3000,2816.502,1408.251,7,13,"0,72.5,137.5,160.5,208.5,257.7,290.09,347.09","0,71,168,221,288,330,364,381,423,443.5,494.1,520.9,547,570.4"
1,146,8,14,"8, 1, 2, 3, 4, 5, 6, 7, 9,10,11,12,13,16,17,18","14,15,19,20",2400,600,165.08,34.318,2234.92,565.682,3000,2800.602,1400.301,16,4,"0,33,130,183,250,292,326,343,385,452.1,511.7,579.7,651.3,700.5,727.3,753.4,825.4","0,48,97.2,129.59,171.59"
1,147,8,15,"8, 9,10,11,13,16,17,18","15, 1, 2, 3, 4, 5, 6, 7,12,14,19,20",1200,1800,83.4,111.758,1116.6,1688.242,3000,2804.842,1402.421,8,12,"0,78,145.1,204.7,242.9,292.1,318.9,345,417","0,79,176,229,296,338,372,389,434,457,509.4,541.79,558.79"
1,148,8,16,"8, 9,11,13,14,15,19,20","16, 1, 2, 3, 4, 5, 6, 7,10,12,17,18",1200,1800,78.458,105.24,1121.542,1694.76,3000,2816.302,1408.151,8,12,"0,78,98.5,136.7,205.7,253.7,302.9,335.29,392.29","0,28,125,178,245,287,321,338,365,430,474,500.1,526.2"
1,149,8,17,"8,12,14,15,19,20","17, 1, 2, 3, 4, 5, 6, 7, 9,10,11,13,16,18",900,2100,46.718,181.64,853.282,1918.36,3000,2771.642,1385.821,6,14,"0,24,47,95,144.2,176.59,233.59","0,55,152,205,272,314,348,365,407,474.1,533.7,571.9,621.1,882.1,908.2"
1,150,8,18,"8,12,14,15,19,20","18, 1, 2, 3, 4, 5, 6, 7, 9,10,11,13,16,17",900,2100,46.718,133.4,853.282,1966.6,3000,2819.882,1409.941,6,14,"0,24,47,95,144.2,176.59,233.59","0,48,145,198,265,307,341,358,400,467.1,526.7,564.9,614.1,640.9,667"
1,151,8,19,"8,12,16,17,18","19, 1, 2, 3, 4, 5, 6, 7, 9,10,11,13,14,15,20",750,2250,34.26,155.666,715.74,2094.334,3000,2810.074,1405.037,5,15,"0,24,46.4,73.2,99.3,171.3","0,95,192,245,312,354,388,405,447,514.1,573.7,611.9,680.9,728.9,745.93,778.33"
1,152,8,20,"8,12,16,17,18","20, 1, 2, 3, 4, 5, 6, 7, 9,10,11,13,14,15,19",750,2250,34.26,158.898,715.74,2091.102,3000,2806.842,1403.421,5,15,"0,24,46.4,73.2,99.3,171.3","0,79,176,229,296,338,372,389,431,498.1,557.7,595.9,664.9,712.9,762.1,794.49"
1,153,9,1,"9,10,11,13,16,17,18","1, 2, 3, 4, 5, 6, 7, 8,12,14,15,19,20",1050,1950,57.2,125.118,992.8,1824.882,3000,2817.682,1408.841,7,13,"0,67.1,126.7,164.9,214.1,240.9,267,286","0,97,150,217,259,293,310,370,394,417,465,514.2,546.59,625.59"
1,154,9,2,"9, 1, 4, 5,11,13,14,15,20","2, 3, 6, 7, 8,10,12,16,17,18,19",1350,1650,81.766,99.56,1268.234,1550.44,3000,2818.674,1409.337,9,11,"0,61,82,124,155.6,193.8,262.8,310.8,327.83,408.83","0,53,91,108,168,240.5,305.5,327.9,354.7,380.8,467.8,497.8"
1,155,9,3,"9, 1, 2, 6, 7,10,11,13,16,17,18","3, 4, 5, 8,12,14,15,19,20",1650,1350,89.98,76.118,1560.02,1273.882,3000,2833.902,1416.951,11,9,"0,61,158,187,204,231,290.6,328.8,378,404.8,430.9,449.9","0,67,109,176,200,223,271,320.2,352.59,380.59"
1,156,9,4,"9, 1, 2, 3, 8,12,14,15,19,20","4, 5, 6, 7,10,11,13,16,17,18",1500,1500,102.118,71.38,1397.882,1428.62,3000,2826.502,1413.251,10,10,"0,61,158,211,253,277,300,348,397.2,429.59,510.59","0,42,76,93,120,179.6,217.8,267,293.8,319.9,356.9"
1,157,9,5,"9, 1, 2, 3, 4, 8,11,13,16,17,18","5, 6, 7,10,12,14,15,19,20",1650,1350,116.26,74.718,1533.74,1275.282,3000,2809.022,1404.511,11,9,"0,61,158,211,278,332,422,460.2,509.4,536.2,562.3,581.3","0,34,51,78,143,166,214,263.2,295.59,373.59"
1,158,9,6,"9, 1, 2, 3, 4, 5,10,11,13,16,17,18","6, 7, 8,12,14,15,19,20",1800,1200,121.28,62.118,1678.72,1137.882,3000,2816.602,1408.301,12,8,"0,61,158,211,278,320,387.5,447.1,485.3,534.5,561.3,587.4,606.4","0,17,77,101,124,172,221.2,253.59,310.59"
1,159,9,7,"9,11,13,14,15,19,20","7, 1, 2, 3, 4, 5, 6, 8,10,12,16,17,18",1050,1950,67.658,138.96,982.342,1811.04,3000,2793.382,1396.691,7,13,"0,20.5,58.7,127.7,175.7,224.9,257.29,338.29","0,63,160,213,280,322,356,430,502.5,567.5,589.9,616.7,642.8,694.8"
1,160,9,8,"9, 1, 2, 3, 4, 5, 6, 7,10,11,13,16,17,18","8,12,14,15,19,20",2100,900,123.38,46.718,1976.62,853.282,3000,2829.902,1414.951,14,6,"0,61,158,211,278,320,354,371,398,457.6,495.8,545,571.8,597.9,616.9","0,24,47,95,144.2,176.59,233.59"
1,161,9,10,"9,11,13,16,17,18","10, 1, 2, 3, 4, 5, 6, 7, 8,12,14,15,19,20",900,2100,35.96,131.558,864.04,1968.442,3000,2832.482,1416.241,6,14,"0,20.5,58.7,107.9,134.7,160.8,179.8","0,85,182,235,302,344,378,395,455,479,502,550,599.2,631.59,657.79"
1,162,9,11,"9,12,16,17,18","11, 1, 2, 3, 4, 5, 6, 7, 8,10,13,14,15,19,20",750,2250,29.86,178.098,720.14,2071.902,3000,2792.042,1396.021,5,15,"0,55,77.4,104.2,130.3,149.3","0,78,175,228,295,337,371,388,448,520.5,612.5,681.5,729.5,778.7,811.09,890.49"
1,163,9,12,"9,10,11,13,16,17,18","12, 1, 2, 3, 4, 5, 6, 7, 8,14,15,19,20",1050,1950,57.2,123.518,992.8,1826.482,3000,2819.282,1409.641,7,13,"0,67.1,126.7,164.9,214.1,240.9,267,286","0,21,118,171,238,280,314,331,391,429,477,526.2,558.59,617.59"
1,164,9,13,"9,12,14,15,16,17,19,20","13, 1, 2, 3, 4, 5, 6, 7, 8,10,11,18",1200,1800,80.418,127.24,1119.582,1672.76,3000,2792.342,1396.171,8,12,"0,55,78,126,200.8,227.6,288.7,321.09,402.09","0,71,168,221,288,330,364,381,441,513.5,573.1,612.8,636.2"
1,165,9,14,"9,11,13,16,17,18","14, 1, 2, 3, 4, 5, 6, 7, 8,10,12,15,19,20",900,2100,35.96,146.818,864.04,1953.182,3000,2817.222,1408.611,6,14,"0,20.5,58.7,107.9,134.7,160.8,179.8","0,43,140,193,260,302,336,353,413,485.5,550.5,610.5,659.7,692.09,734.09"
1,166,9,15,"9,10,11,13,16,17,18","15, 1, 2, 3, 4, 5, 6, 7, 8,12,14,19,20",1050,1950,57.2,119.558,992.8,1830.442,3000,2823.242,1411.621,7,13,"0,67.1,126.7,164.9,214.1,240.9,267,286","0,79,176,229,296,338,372,389,449,473,496,548.4,580.79,597.79"
1,167,9,16,"9,11,13,18","16, 1, 2, 3, 4, 5, 6, 7, 8,10,12,14,15,17,19,20",600,2400,20.22,169.378,579.78,2230.622,3000,2810.402,1405.201,4,16,"0,20.5,58.7,82.1,101.1","0,28,125,178,245,287,321,338,398,470.5,535.5,558.5,606.5,684.3,745.4,777.79,846.89"
1,168,9,17,"9,10,11,13,18","17, 1, 2, 3, 4, 5, 6, 7, 8,12,14,15,16,19,20",750,2250,41.46,153.898,708.54,2096.102,3000,2804.642,1402.321,5,15,"0,67.1,126.7,164.9,188.3,207.3","0,55,152,205,272,314,348,365,425,449,472,520,594.8,670.5,702.89,769.49"
1,169,9,18,"9,11,13","18, 1, 2, 3, 4, 5, 6, 7, 8,10,12,14,15,16,17,19,20",450,2550,16.74,182.078,433.26,2367.922,3000,2801.182,1400.591,3,17,"0,20.5,58.7,83.7","0,48,145,198,265,307,341,358,418,490.5,555.5,578.5,626.5,701.3,728.1,789.2,821.59,910.39"
1,170,9,19,"9, 1, 4, 5, 6, 7,10,11,13,16,17,18","19, 2, 3, 8,12,14,15,20",1800,1200,84.18,53.886,1715.82,1146.114,3000,2861.934,1430.967,12,8,"0,61,82,124,158,175,202,261.6,299.8,349,375.8,401.9,420.9","0,30,83,125,149,172,220,237.03,269.43"
1,171,9,20,"9,10,11,13,16,17,18","20, 1, 2, 3, 4, 5, 6, 7, 8,12,14,15,19",1050,1950,57.2,125.118,992.8,1824.882,3000,2817.682,1408.841,7,13,"0,67.1,126.7,164.9,214.1,240.9,267,286","0,79,176,229,296,338,372,389,449,473,496,544,593.2,625.59"
1,172,10,1,"10,12,14,15,19,20","1, 2, 3, 4, 5, 6, 7, 8, 9,11,13,16,17,18",900,2100,48.758,131.36,851.242,1968.64,3000,2819.882,1409.941,6,14,"0,65,88,136,185.2,217.59,243.79","0,97,150,217,259,293,310,370,448,468.5,506.7,555.9,582.7,608.8,656.8"
1,173,10,2,"10, 1, 4, 5, 9,11,13,16,17,18","2, 3, 6, 7, 8,12,14,15,19,20",1500,1500,80.04,80.518,1419.96,1419.482,3000,2839.442,1419.721,10,10,"0,85,106,148,160,180.5,218.7,267.9,294.7,320.8,400.2","0,53,91,108,168,192,215,263,312.2,344.59,402.59"
1,174,10,3,"10, 1, 2, 6, 7, 9,11,13,16,17,18","3, 4, 5, 8,12,14,15,19,20",1650,1350,102.04,76.118,1547.96,1273.882,3000,2821.842,1410.921,11,9,"0,85,182,211,228,270,290.5,328.7,377.9,404.7,430.8,510.2","0,67,109,176,200,223,271,320.2,352.59,380.59"
1,175,10,4,"10, 1, 2, 3, 6, 7, 8,11,13,14,15,19,20","4, 5, 9,12,16,17,18",1950,1050,140.598,44.26,1809.402,1005.74,3000,2815.142,1407.571,13,7,"0,85,182,235,273,290,350,440,478.2,547.2,595.2,644.4,676.79,702.99","0,42,54,109,131.4,158.2,184.3,221.3"
1,176,10,5,"10, 1, 2, 3, 4, 8,12,14,15,19,20","5, 6, 7, 9,11,13,16,17,18",1650,1350,111.758,53.16,1538.242,1296.84,3000,2835.082,1417.541,11,9,"0,85,182,235,302,356,380,403,451,500.2,532.59,558.79","0,34,51,93,113.5,151.7,200.9,227.7,253.8,265.8"
1,177,10,6,"10, 1, 2, 3, 4, 5, 9,11,13,16,17,18","6, 7, 8,12,14,15,19,20",1800,1200,119.24,62.118,1680.76,1137.882,3000,2818.642,1409.321,12,8,"0,85,182,235,302,344,356,376.5,414.7,463.9,490.7,516.8,596.2","0,17,77,101,124,172,221.2,253.59,310.59"
1,178,10,7,"10,11,12,14,15,19,20","7, 1, 2, 3, 4, 5, 6, 8, 9,13,16,17,18",1050,1950,61.278,137.44,988.722,1812.56,3000,2801.282,1400.641,7,13,"0,59.6,127.6,150.6,198.6,247.8,280.19,306.39","0,63,160,213,280,322,356,430,508,533.1,582.3,609.1,635.2,687.2"
1,179,10,8,"10, 1, 2, 3, 4, 5, 6, 7, 9,11,13,16,17,18","8,12,14,15,19,20",2100,900,135.44,46.718,1964.56,853.282,3000,2817.842,1408.921,14,6,"0,85,182,235,302,344,378,395,437,457.5,495.7,544.9,571.7,597.8,677.2","0,24,47,95,144.2,176.59,233.59"
1,180,10,9,"10,12,14,15,19,20","9, 1, 2, 3, 4, 5, 6, 7, 8,11,13,16,17,18",900,2100,48.758,136.06,851.242,1963.94,3000,2815.182,1407.591,6,14,"0,65,88,136,185.2,217.59,243.79","0,61,158,211,278,320,354,371,431,521,559.2,608.4,635.2,661.3,680.3"
1,181,10,11,"10,12,14,15,19,20","11, 1, 2, 3, 4, 5, 6, 7, 8, 9,13,16,17,18",900,2100,48.758,138.58,851.242,1961.42,3000,2812.662,1406.331,6,14,"0,65,88,136,185.2,217.59,243.79","0,78,175,228,295,337,371,388,448,526,551.1,600.3,627.1,653.2,692.9"
1,182,10,12,"10,11,13,14,15,19,20","12, 1, 2, 3, 4, 5, 6, 7, 8, 9,16,17,18",1050,1950,64.518,120.78,985.482,1829.22,3000,2814.702,1407.351,7,13,"0,59.6,97.8,166.8,214.8,264,296.39,322.59","0,21,118,171,238,280,314,331,391,469,503,529.8,555.9,603.9"
1,183,10,13,"10,12,14,15,19,20","13, 1, 2, 3, 4, 5, 6, 7, 8, 9,11,16,17,18",900,2100,48.758,133.28,851.242,1966.72,3000,2817.962,1408.981,6,14,"0,65,88,136,185.2,217.59,243.79","0,71,168,221,288,330,364,381,441,519,539.5,590.1,616.9,643,666.4"
1,184,10,14,"10, 1, 2, 3, 4, 5, 6, 7, 8, 9,11,12,13,18","14,15,16,17,19,20",2100,900,159.18,57.018,1940.82,842.982,3000,2783.802,1391.901,14,6,"0,85,182,235,302,344,378,395,455,533,553.5,621.5,693.1,716.5,795.9","0,48,122.8,149.6,210.7,243.09,285.09"
1,185,10,15,"10,12,16,17,18,19","15, 1, 2, 3, 4, 5, 6, 7, 8, 9,11,13,14,20",900,2100,47.46,142.658,852.54,1957.342,3000,2809.882,1404.941,6,14,"0,65,87.4,114.2,140.3,227.3,237.3","0,79,176,229,296,338,372,389,449,527,547.5,585.7,654.7,696.29,713.29"
1,186,10,16,"10,12,14,15,19,20","16, 1, 2, 3, 4, 5, 6, 7, 8, 9,11,13,17,18",900,2100,48.758,125.26,851.242,1974.74,3000,2825.982,1412.991,6,14,"0,65,88,136,185.2,217.59,243.79","0,28,125,178,245,287,321,338,398,476,496.5,534.7,574.1,600.2,626.3"
1,187,10,17,"10,12,14,15,19,20","17, 1, 2, 3, 4, 5, 6, 7, 8, 9,11,13,16,18",900,2100,48.758,179.6,851.242,1920.4,3000,2771.642,1385.821,6,14,"0,65,88,136,185.2,217.59,243.79","0,55,152,205,272,314,348,365,425,503,523.5,561.7,610.9,871.9,898"
1,188,10,18,"10, 2, 3,12,14,15,19,20","18, 1, 4, 5, 6, 7, 8, 9,11,13,16,17",1200,1800,59.558,92.16,1140.442,1707.84,3000,2848.282,1424.141,8,12,"0,32,85,119,142,190,239.2,271.59,297.79","0,48,69,111,145,162,222,300,320.5,358.7,407.9,434.7,460.8"
1,189,10,19,"10,12,14,15,20","19, 1, 2, 3, 4, 5, 6, 7, 8, 9,11,13,16,17,18",750,2250,35.846,158.16,714.154,2091.84,3000,2805.994,1402.997,5,15,"0,65,88,136,153.03,179.23","0,95,192,245,312,354,388,405,465,543,563.5,601.7,650.9,677.7,703.8,790.8"
1,190,10,20,"10,12,14,15,19","20, 1, 2, 3, 4, 5, 6, 7, 8, 9,11,13,16,17,18",750,2250,39.04,155.314,710.96,2094.686,3000,2805.646,1402.823,5,15,"0,65,88,136,185.2,195.2","0,79,176,229,296,338,372,389,449,527,547.5,585.7,634.9,661.7,687.8,776.57"
1,191,11,1,"11, 2, 3, 8, 9,13,16,17,18,19","1, 4, 5, 6, 7,10,12,14,15,20",1500,1500,98.14,74.606,1401.86,1425.394,3000,2827.254,1413.627,10,10,"0,40,93,135,213,238.1,287.3,314.1,340.2,427.2,490.7","0,21,63,97,114,141,206,229,277,294.03,373.03"
1,192,11,2,"11, 1, 4, 5, 9,10,13,16,17,18","2, 3, 6, 7, 8,12,14,15,19,20",1500,1500,90.78,80.518,1409.22,1419.482,3000,2828.702,1414.351,10,10,"0,78,99,141,153,220.1,312.1,361.3,388.1,414.2,453.9","0,53,91,108,168,192,215,263,312.2,344.59,402.59"
1,193,11,3,"11, 1, 2, 6, 7, 8,10,13,16,17,18","3, 4, 5, 9,12,14,15,19,20",1650,1350,117.46,71.318,1532.54,1278.682,3000,2811.222,1405.611,11,9,"0,78,175,204,221,281,353.5,445.5,494.7,521.5,547.6,587.3","0,67,109,121,176,199,247,296.2,328.59,356.59"
1,194,11,4,"11, 1, 2, 3, 7, 8,10,12,14,15,19,20","4, 5, 6, 9,13,16,17,18",1800,1200,135.698,54.04,1664.302,1145.96,3000,2810.262,1405.131,12,8,"0,78,175,228,249,309,381.5,446.5,469.5,517.5,566.7,599.09,678.49","0,42,76,106,131.1,180.3,207.1,233.2,270.2"
1,195,11,5,"11, 1, 2, 3, 4, 8, 9,13,14,15,19,20","5, 6, 7,10,12,16,17,18",1800,1200,146.018,46.06,1653.982,1153.94,3000,2807.922,1403.961,12,8,"0,78,175,228,295,349,427,452.1,521.1,569.1,618.3,650.69,730.09","0,34,51,78,143,165.4,192.2,218.3,230.3"
1,196,11,6,"11, 1, 2, 3, 4, 5, 9,13,16,17,18","6, 7, 8,10,12,14,15,19,20",1650,1350,103.18,84.818,1546.82,1265.182,3000,2812.002,1406.001,11,9,"0,78,175,228,295,337,349,374.1,423.3,450.1,476.2,515.9","0,17,77,149.5,214.5,237.5,285.5,334.7,367.09,424.09"
1,197,11,7,"11, 1, 2, 3, 4, 5, 6, 9,13,16,17,18","7, 8,10,12,14,15,19,20",1800,1200,113.58,78.018,1686.42,1121.982,3000,2808.402,1404.201,12,8,"0,78,175,228,295,337,371,401,426.1,475.3,502.1,528.2,567.9","0,60,132.5,197.5,220.5,268.5,317.7,350.09,390.09"
1,198,11,8,"11, 1, 2, 3, 4, 5, 6, 7, 9,13,16,17,18","8,10,12,14,15,19,20",1950,1050,119.38,69.418,1830.62,980.582,3000,2811.202,1405.601,13,7,"0,78,175,228,295,337,371,388,430,455.1,504.3,531.1,557.2,596.9","0,72.5,137.5,160.5,208.5,257.7,290.09,347.09"
1,199,11,9,"11, 1, 2, 3, 4, 5, 6, 7, 8,10,12,14,15,19,20","9,13,16,17,18",2250,750,163.498,29.24,2086.502,720.76,3000,2807.262,1403.631,15,5,"0,78,175,228,295,337,371,388,448,520.5,585.5,608.5,656.5,705.7,738.09,817.49","0,25.1,74.3,101.1,127.2,146.2"
1,200,11,10,"11, 1, 2, 3, 4, 5, 6, 7, 8, 9,13,16,17,18","10,12,14,15,19,20",2100,900,138.58,48.758,1961.42,851.242,3000,2812.662,1406.331,14,6,"0,78,175,228,295,337,371,388,448,526,551.1,600.3,627.1,653.2,692.9","0,65,88,136,185.2,217.59,243.79"
1,201,11,12,"11, 1, 2, 3, 4, 5, 6, 7, 8, 9,10,13,16,17,18","12,14,15,19,20",2250,750,165.38,42.318,2084.62,707.682,3000,2792.302,1396.151,15,5,"0,78,175,228,295,337,371,388,448,526,593.1,685.1,734.3,761.1,787.2,826.9","0,23,71,120.2,152.59,211.59"
1,202,11,13,"11, 2, 3, 8, 9,12,14,15,16,17,19,20","13, 1, 4, 5, 6, 7,10,18",1800,1200,122.698,62.96,1677.302,1137.04,3000,2814.342,1407.171,12,8,"0,40,93,135,213,268,291,339,413.8,440.6,501.7,534.09,613.49","0,71,92,134,168,185,212,291.4,314.8"
1,203,11,14,"11,13,16,17,18","14, 1, 2, 3, 4, 5, 6, 7, 8, 9,10,12,15,19,20",750,2250,36,161.338,714,2088.662,3000,2802.662,1401.331,5,15,"0,38.2,87.4,114.2,140.3,180","0,43,140,193,260,302,336,353,413,491,558.1,623.1,683.1,732.3,764.69,806.69"
1,204,11,15,"11, 1, 4, 5, 9,10,13,16,17,18","15, 2, 3, 6, 7, 8,12,14,19,20",1500,1500,90.78,78.358,1409.22,1421.642,3000,2830.862,1415.431,10,10,"0,78,99,141,153,220.1,312.1,361.3,388.1,414.2,453.9","0,75,128,166,183,243,267,290,342.4,374.79,391.79"
1,205,11,16,"11, 2, 3, 8, 9,13,14,15,19,20","16, 1, 4, 5, 6, 7,10,12,17,18",1500,1500,103.218,66.04,1396.782,1433.96,3000,2830.742,1415.371,10,10,"0,40,93,135,213,238.1,307.1,355.1,404.3,436.69,516.09","0,28,49,91,125,142,169,234,278,304.1,330.2"
1,206,11,17,"11, 2, 3, 6, 7, 8,10,13,14,15,19,20","17, 1, 4, 5, 9,12,16,18",1800,1200,130.098,98.9,1669.902,1101.1,3000,2771.002,1385.501,12,8,"0,40,93,131,148,208,280.5,372.5,441.5,489.5,538.7,571.09,650.49","0,55,76,118,130,185,207.4,468.4,494.5"
1,207,11,18,"11,13,14,15,19,20","18, 1, 2, 3, 4, 5, 6, 7, 8, 9,10,12,16,17",900,2100,63.238,140.68,836.762,1959.32,3000,2796.082,1398.041,6,14,"0,38.2,107.2,155.2,204.4,236.79,316.19","0,48,145,198,265,307,341,358,418,496,563.1,628.1,650.5,677.3,703.4"
1,208,11,19,"11, 1, 4, 5, 9,10,13,16,17,18","19, 2, 3, 6, 7, 8,12,14,15,20",1500,1500,90.78,68.486,1409.22,1431.514,3000,2840.734,1420.367,10,10,"0,78,99,141,153,220.1,312.1,361.3,388.1,414.2,453.9","0,30,83,121,138,198,222,245,293,310.03,342.43"
1,209,11,20,"11,13,16,17,18","20, 1, 2, 3, 4, 5, 6, 7, 8, 9,10,12,14,15,19",750,2250,36,162.338,714,2087.662,3000,2801.662,1400.831,5,15,"0,38.2,87.4,114.2,140.3,180","0,79,176,229,296,338,372,389,449,527,594.1,659.1,682.1,730.1,779.3,811.69"
1,210,12,1,"12,14,15,19,20","1, 2, 3, 4, 5, 6, 7, 8, 9,10,11,13,16,17,18",750,2250,42.318,152.6,707.682,2097.4,3000,2805.082,1402.541,5,15,"0,23,71,120.2,152.59,211.59","0,97,150,217,259,293,310,370,448,515.1,574.7,612.9,662.1,688.9,715,763"
1,211,12,2,"12, 1, 4, 5, 6, 7,10,16,17,18","2, 3, 8, 9,11,13,14,15,19,20",1500,1500,65.88,97.658,1434.12,1402.342,3000,2836.462,1418.231,10,10,"0,21,42,84,118,135,162,228.5,255.3,281.4,329.4","0,53,95,173,193.5,231.7,300.7,348.7,397.9,430.29,488.29"
1,212,12,3,"12, 1, 2, 6, 7, 8,14,15,16","3, 4, 5, 9,10,11,13,17,18,19,20",1350,1650,81.36,99.758,1268.64,1550.242,3000,2818.882,1409.441,9,11,"0,21,118,147,164,224,262,310,384.8,406.8","0,67,109,121,188.1,247.7,285.9,325.3,351.4,438.4,470.79,498.79"
1,213,12,4,"12, 1, 2, 3, 8,14,15,19,20","4, 5, 6, 7, 9,10,11,13,16,17,18",1350,1650,87.918,87.8,1262.082,1562.2,3000,2824.282,1412.141,9,11,"0,21,118,171,213,251,299,348.2,380.59,439.59","0,42,76,93,135,202.1,261.7,299.9,349.1,375.9,402,439"
1,214,12,5,"12,16,17,18","5, 1, 2, 3, 4, 6, 7, 8, 9,10,11,13,14,15,19,20",600,2400,24.66,186.898,575.34,2213.102,3000,2788.442,1394.221,4,16,"0,22.4,49.2,75.3,123.3","0,49,146,199,266,338,355,415,493,560.1,619.7,657.9,726.9,774.9,824.1,856.49,934.49"
1,215,12,6,"12, 1, 2, 3, 4, 5, 7, 8,16,17,18","6, 9,10,11,13,14,15,19,20",1650,1350,105.6,90.098,1544.4,1259.902,3000,2804.302,1402.151,11,9,"0,21,118,171,238,280,321,381,427.1,453.9,480,528","0,30,97.1,156.7,194.9,263.9,311.9,361.1,393.49,450.49"
1,216,12,7,"12, 1, 2, 3, 4, 5, 6, 8,14,15,19,20","7, 9,10,11,13,16,17,18",1800,1200,122.918,72.2,1677.082,1127.8,3000,2804.882,1402.441,12,8,"0,21,118,171,238,280,314,388,426,474,523.2,555.59,614.59","0,42,109.1,168.7,206.9,256.1,282.9,309,361"
1,217,12,8,"12,14,15,19,20","8, 1, 2, 3, 4, 5, 6, 7, 9,10,11,13,16,17,18",750,2250,42.318,144.8,707.682,2105.2,3000,2812.882,1406.441,5,15,"0,23,71,120.2,152.59,211.59","0,33,130,183,250,292,326,343,385,452.1,511.7,549.9,599.1,625.9,652,724"
1,218,12,9,"12, 1, 2, 3, 4, 5, 6, 7, 8,14,15,19,20","9,10,11,13,16,17,18",1950,1050,123.518,57.2,1826.482,992.8,3000,2819.282,1409.641,13,7,"0,21,118,171,238,280,314,331,391,429,477,526.2,558.59,617.59","0,67.1,126.7,164.9,214.1,240.9,267,286"
1,219,12,10,"12, 1, 2, 3, 4, 5, 6, 7, 8, 9,14,15,16","10,11,13,17,18,19,20",1950,1050,132.16,61.778,1817.84,988.222,3000,2806.062,1403.031,13,7,"0,21,118,171,238,280,314,331,391,469,516,564,638.8,660.8","0,59.6,97.8,137.2,163.3,250.3,282.69,308.89"
1,220,12,11,"12,14,15,19,20","11, 1, 2, 3, 4, 5, 6, 7, 8, 9,10,13,16,17,18",750,2250,42.318,165.38,707.682,2084.62,3000,2792.302,1396.151,5,15,"0,23,71,120.2,152.59,211.59","0,78,175,228,295,337,371,388,448,526,593.1,685.1,734.3,761.1,787.2,826.9"
1,221,12,13,"12, 2, 3, 6, 7, 8,14,15,19,20","13, 1, 4, 5, 9,10,11,16,17,18",1500,1500,94.918,79.92,1405.082,1420.08,3000,2825.162,1412.581,10,10,"0,80,133,171,188,248,286,334,383.2,415.59,474.59","0,71,92,134,146,213.1,272.7,323.3,350.1,376.2,399.6"
1,222,12,14,"12, 2, 3, 6, 7, 8,10,16,17,18,19","14, 1, 4, 5, 9,11,13,15,20",1650,1350,120.38,70.546,1529.62,1279.454,3000,2809.074,1404.537,11,9,"0,80,133,171,188,248,320.5,387,413.8,439.9,526.9,601.9","0,43,64,106,118,138.5,176.7,293.7,310.73,352.73"
1,223,12,15,"12, 1, 4, 5, 6, 7,10,16,17,18","15, 2, 3, 8, 9,11,13,14,19,20",1500,1500,65.88,95.498,1434.12,1404.502,3000,2838.622,1419.311,10,10,"0,21,42,84,118,135,162,228.5,255.3,281.4,329.4","0,75,128,170,248,268.5,306.7,375.7,428.1,460.49,477.49"
1,224,12,16,"12,14,15,19,20","16, 1, 2, 3, 4, 5, 6, 7, 8, 9,10,11,13,17,18",750,2250,42.318,146.5,707.682,2103.5,3000,2811.182,1405.591,5,15,"0,23,71,120.2,152.59,211.59","0,28,125,178,245,287,321,338,398,476,543.1,602.7,640.9,680.3,706.4,732.5"
1,225,12,17,"12, 1, 4, 8,14,15,20","17, 2, 3, 5, 6, 7, 9,10,11,13,16,18,19",1050,1950,51.606,173.84,998.394,1776.16,3000,2774.554,1387.277,7,13,"0,21,42,96,134,182,199.03,258.03","0,49,102,153,187,204,246,313.1,372.7,410.9,460.1,721.1,808.1,869.2"
1,226,12,18,"12, 2, 3, 6, 7, 8,10,14,15,19,20","18, 1, 4, 5, 9,11,13,16,17",1650,1350,110.218,56.76,1539.782,1293.24,3000,2833.022,1416.511,11,9,"0,80,133,171,188,248,320.5,362.5,410.5,459.7,492.09,551.09","0,48,69,111,123,143.5,181.7,230.9,257.7,283.8"
1,227,12,19,"12, 1, 2, 6, 7, 8,16,17,18","19, 3, 4, 5, 9,10,11,13,14,15,20",1350,1650,74.2,98.666,1275.8,1551.334,3000,2827.134,1413.567,9,11,"0,21,118,147,164,224,270.1,296.9,323,371","0,41,108,150,162,229.1,288.7,326.9,395.9,443.9,460.93,493.33"
1,228,12,20,"12, 1, 4, 5, 6, 7,10,16,17,18","20, 2, 3, 8, 9,11,13,14,15,19",1500,1500,65.88,97.658,1434.12,1402.342,3000,2836.462,1418.231,10,10,"0,21,42,84,118,135,162,228.5,255.3,281.4,329.4","0,58,111,153,231,251.5,289.7,358.7,406.7,455.9,488.29"
1,229,13,1,"13, 2, 3, 6, 7, 9,10,11,14,15,19,20","1, 4, 5, 8,12,16,17,18",1800,1200,128.858,55.46,1671.142,1144.54,3000,2815.682,1407.841,12,8,"0,78,131,169,186,228,295.1,354.7,408.7,456.7,505.9,538.29,644.29","0,21,63,130,154,176.4,203.2,229.3,277.3"
1,230,13,2,"13, 1, 4, 5, 9,11,16,17,18","2, 3, 6, 7, 8,10,12,14,15,19,20",1350,1650,58.68,103.218,1291.32,1546.782,3000,2838.102,1419.051,9,11,"0,71,92,134,146,166.5,217.1,243.9,270,293.4","0,53,91,108,168,240.5,305.5,328.5,376.5,425.7,458.09,516.09"
1,231,13,3,"13, 1, 2, 9,10,11,16,17,18","3, 4, 5, 6, 7, 8,12,14,15,19,20",1350,1650,95.52,84.918,1254.48,1565.082,3000,2819.562,1409.781,9,11,"0,71,168,224,291.1,350.7,401.3,428.1,454.2,477.6","0,67,109,143,160,220,244,267,315,364.2,396.59,424.59"
1,232,13,4,"13, 1, 2, 3, 8, 9,11,14,15,19,20","4, 5, 6, 7,10,12,16,17,18",1650,1350,130.218,59.46,1519.782,1290.54,3000,2810.322,1405.161,11,9,"0,71,168,221,263,341,361.5,415.5,463.5,512.7,545.09,651.09","0,42,76,93,120,185,207.4,234.2,260.3,297.3"
1,233,13,5,"13, 1, 2, 3, 4, 8, 9,11,14,15,19,20","5, 6, 7,10,12,16,17,18",1800,1200,146.018,46.06,1653.982,1153.94,3000,2807.922,1403.961,12,8,"0,71,168,221,288,342,420,440.5,494.5,542.5,591.7,624.09,730.09","0,34,51,78,143,165.4,192.2,218.3,230.3"
1,234,13,6,"13, 1, 2, 3, 4, 5, 9,10,11,16,17,18","6, 7, 8,12,14,15,19,20",1800,1200,119.12,62.118,1680.88,1137.882,3000,2818.762,1409.381,12,8,"0,71,168,221,288,330,342,409.1,468.7,519.3,546.1,572.2,595.6","0,17,77,101,124,172,221.2,253.59,310.59"
1,235,13,7,"13, 1, 2, 3, 4, 5, 6, 9,10,11,16,17,18","7, 8,12,14,15,19,20",1950,1050,129.52,55.318,1820.48,994.682,3000,2815.162,1407.581,13,7,"0,71,168,221,288,330,364,394,461.1,520.7,571.3,598.1,624.2,647.6","0,60,84,107,155,204.2,236.59,276.59"
1,236,13,8,"13,16,17,18","8, 1, 2, 3, 4, 5, 6, 7, 9,10,11,12,14,15,19,20",600,2400,25.1,157.858,574.9,2242.142,3000,2817.042,1408.521,4,16,"0,49.2,76,102.1,125.5","0,33,130,183,250,292,326,343,385,452.1,511.7,579.7,602.7,650.7,699.9,732.29,789.29"
1,237,13,9,"13, 1, 2, 3, 4, 5, 6, 7, 8,10,11,16,17,18","9,12,14,15,19,20",2100,900,140,57.718,1960,842.282,3000,2802.282,1401.141,14,6,"0,71,168,221,288,330,364,381,441,513.5,573.1,623.7,650.5,676.6,700","0,55,78,126,175.2,207.59,288.59"
1,238,13,10,"13, 1, 2, 3, 4, 5, 6, 7, 8, 9,11,16,17,18","10,12,14,15,19,20",2100,900,133.28,48.758,1966.72,851.242,3000,2817.962,1408.981,14,6,"0,71,168,221,288,330,364,381,441,519,539.5,590.1,616.9,643,666.4","0,65,88,136,185.2,217.59,243.79"
1,239,13,11,"13, 2, 3, 8, 9,16,17,18,19","11, 1, 4, 5, 6, 7,10,12,14,15,20",1350,1650,104.58,90.286,1245.42,1559.714,3000,2805.134,1402.567,9,11,"0,78,131,173,251,285,311.8,337.9,424.9,522.9","0,78,99,141,175,192,219,284,307,355,372.03,451.43"
1,240,13,12,"13, 2, 3, 8, 9,11,14,15,19,20","12, 1, 4, 5, 6, 7,10,16,17,18",1500,1500,112.218,65.88,1387.782,1434.12,3000,2821.902,1410.951,10,10,"0,78,131,173,251,271.5,325.5,373.5,422.7,455.09,561.09","0,21,42,84,118,135,162,228.5,255.3,281.4,329.4"
1,241,13,14,"13, 1, 4, 5, 9,10,11,16,17,18","14, 2, 3, 6, 7, 8,12,15,19,20",1500,1500,79.92,86.718,1420.08,1413.282,3000,2833.362,1416.681,10,10,"0,71,92,134,146,213.1,272.7,323.3,350.1,376.2,399.6","0,58,111,149,166,226,250,310,359.2,391.59,433.59"
1,242,13,15,"13, 1, 4, 5, 9,10,11,16,17,18","15, 2, 3, 6, 7, 8,12,14,19,20",1500,1500,79.92,78.358,1420.08,1421.642,3000,2841.722,1420.861,10,10,"0,71,92,134,146,213.1,272.7,323.3,350.1,376.2,399.6","0,75,128,166,183,243,267,290,342.4,374.79,391.79"
1,243,13,16,"13, 2, 3, 8, 9,11,14,15,19,20","16, 1, 4, 5, 6, 7,10,12,17,18",1500,1500,112.218,66.04,1387.782,1433.96,3000,2821.742,1410.871,10,10,"0,78,131,173,251,271.5,325.5,373.5,422.7,455.09,561.09","0,28,49,91,125,142,169,234,278,304.1,330.2"
1,244,13,17,"13, 2, 3, 8, 9,11,14,15,19,20","17, 1, 4, 5, 6, 7,10,12,16,18",1500,1500,112.218,114.1,1387.782,1385.9,3000,2773.682,1386.841,10,10,"0,78,131,173,251,271.5,325.5,373.5,422.7,455.09,561.09","0,55,76,118,152,169,196,261,283.4,544.4,570.5"
1,245,13,18,"13, 2, 3, 8, 9,11,14,15,19,20","18, 1, 4, 5, 6, 7,10,12,16,17",1500,1500,112.218,65.86,1387.782,1434.14,3000,2821.922,1410.961,10,10,"0,78,131,173,251,271.5,325.5,373.5,422.7,455.09,561.09","0,48,69,111,145,162,189,254,276.4,303.2,329.3"
1,246,13,19,"13, 1, 4, 5, 9,10,11,16,17,18","19, 2, 3, 6, 7, 8,12,14,15,20",1500,1500,79.92,68.486,1420.08,1431.514,3000,2851.594,1425.797,10,10,"0,71,92,134,146,213.1,272.7,323.3,350.1,376.2,399.6","0,30,83,121,138,198,222,245,293,310.03,342.43"
1,247,13,20,"13, 1, 4, 5, 9,10,11,16,17,18","20, 2, 3, 6, 7, 8,12,14,15,19",1500,1500,79.92,80.518,1420.08,1419.482,3000,2839.562,1419.781,10,10,"0,71,92,134,146,213.1,272.7,323.3,350.1,376.2,399.6","0,58,111,149,166,226,250,273,321,370.2,402.59"
1,248,14,1,"14, 2, 3, 6, 7, 8,12,15,16,17,19,20","1, 4, 5, 9,10,11,13,18",1800,1200,109.418,62.26,1690.582,1137.74,3000,2828.322,1414.161,12,8,"0,58,111,149,166,226,250,310,384.8,411.6,472.7,505.09,547.09","0,21,63,75,142.1,201.7,239.9,263.3,311.3"
1,249,14,2,"14, 1, 4, 5, 6, 7,10,12,15,20","2, 3, 8, 9,11,13,16,17,18,19",1500,1500,73.606,90.16,1426.394,1409.84,3000,2836.234,1418.117,10,10,"0,43,64,106,140,157,184,249,309,326.03,368.03","0,53,95,173,193.5,231.7,280.9,307.7,333.8,420.8,450.8"
1,250,14,3,"14, 1, 2, 6, 7, 9,11,13,16,17,18","3, 4, 5, 8,10,12,15,19,20",1650,1350,87.56,96.618,1562.44,1253.382,3000,2815.822,1407.911,11,9,"0,43,140,169,186,228,248.5,286.7,335.9,362.7,388.8,437.8","0,67,109,176,248.5,313.5,373.5,422.7,455.09,483.09"
1,251,14,4,"14, 1, 2, 3, 6, 7, 8,10,12,15,19,20","4, 5, 9,11,13,16,17,18",1800,1200,125.818,50.36,1674.182,1149.64,3000,2823.822,1411.911,12,8,"0,43,140,193,231,248,308,380.5,445.5,505.5,554.7,587.09,629.09","0,42,54,74.5,112.7,161.9,188.7,214.8,251.8"
1,252,14,5,"14, 1, 2, 3, 4, 8,12,15,19,20","5, 6, 7, 9,10,11,13,16,17,18",1500,1500,104.318,74.4,1395.682,1425.6,3000,2821.282,1410.641,10,10,"0,43,140,193,260,314,338,398,447.2,479.59,521.59","0,34,51,93,160.1,219.7,257.9,307.1,333.9,360,372"
1,253,14,6,"14, 1, 2, 3, 4, 5, 9,10,11,13,16,17,18","6, 7, 8,12,15,19,20",1950,1050,126,59.918,1824,990.082,3000,2814.082,1407.041,13,7,"0,43,140,193,260,302,314,381.1,440.7,478.9,528.1,554.9,581,630","0,17,77,101,161,210.2,242.59,299.59"
1,254,14,7,"14, 1, 2, 3, 4, 5, 6, 9,10,11,13,16,17,18","7, 8,12,15,19,20",2100,900,136.4,53.118,1963.6,846.882,3000,2810.482,1405.241,14,6,"0,43,140,193,260,302,336,366,433.1,492.7,530.9,580.1,606.9,633,682","0,60,84,144,193.2,225.59,265.59"
1,255,14,8,"14, 1, 2, 3, 4, 5, 6, 7,10,12,15,19,20","8, 9,11,13,16,17,18",1950,1050,125.718,62.16,1824.282,987.84,3000,2812.122,1406.061,13,7,"0,43,140,193,260,302,336,353,380,445,505,554.2,586.59,628.59","0,78,98.5,136.7,185.9,212.7,238.8,310.8"
1,256,14,9,"14, 1, 2, 3, 4, 5, 6, 7, 8,12,15,19,20","9,10,11,13,16,17,18",1950,1050,124.118,57.2,1825.882,992.8,3000,2818.682,1409.341,13,7,"0,43,140,193,260,302,336,353,413,437,497,546.2,578.59,620.59","0,67.1,126.7,164.9,214.1,240.9,267,286"
1,257,14,10,"14, 1, 2, 3, 4, 5, 6, 7, 8, 9,11,13,15,20","10,12,16,17,18,19",2100,900,145.146,47.46,1954.854,852.54,3000,2807.394,1403.697,14,6,"0,43,140,193,260,302,336,353,413,491,511.5,549.7,666.7,683.73,725.73","0,65,87.4,114.2,140.3,227.3,237.3"
1,258,14,11,"14, 1, 4, 5, 6, 7, 9,13,16,17,18","11, 2, 3, 8,10,12,15,19,20",1650,1350,75.04,98.698,1574.96,1251.302,3000,2826.262,1413.131,11,9,"0,43,64,106,140,157,199,224.1,273.3,300.1,326.2,375.2","0,40,93,135,207.5,272.5,332.5,381.7,414.09,493.49"
1,259,14,12,"14, 2, 3, 5, 6, 7, 9,10,11,13,15,19,20","12, 1, 4, 8,16,17,18",1950,1050,132.098,48.6,1817.902,1001.4,3000,2819.302,1409.651,13,7,"0,58,111,162,196,213,255,322.1,381.7,419.9,536.9,586.1,618.49,660.49","0,21,42,96,142.1,168.9,195,243"
1,260,14,13,"14, 2, 3, 8,12,15,19,20","13, 1, 4, 5, 6, 7, 9,10,11,16,17,18",1200,1800,72.118,96.12,1127.882,1703.88,3000,2831.762,1415.881,8,12,"0,58,111,153,177,237,286.2,318.59,360.59","0,71,92,134,168,185,227,294.1,353.7,404.3,431.1,457.2,480.6"
1,261,14,15,"14, 1, 2, 3, 4, 5, 6, 7, 8, 9,10,11,12,13,16,17,18","15,19,20",2550,450,181.68,19.718,2368.32,430.282,3000,2798.602,1399.301,17,3,"0,43,140,193,260,302,336,353,413,491,558.1,617.7,685.7,757.3,806.5,833.3,859.4,908.4","0,49.2,81.59,98.59"
1,262,14,16,"14, 1, 8,12,15,20","16, 2, 3, 4, 5, 6, 7, 9,10,11,13,17,18,19",900,2100,43.806,144.02,856.194,1955.98,3000,2812.174,1406.087,6,14,"0,43,76,100,160,177.03,219.03","0,72,125,192,234,268,285,327,394.1,453.7,491.9,531.3,557.4,644.4,720.1"
1,263,14,17,"14, 2, 3, 7, 8,12,15,19,20","17, 1, 4, 5, 6, 9,10,11,13,16,18",1350,1650,79.918,136.64,1270.082,1513.36,3000,2783.442,1391.721,9,11,"0,58,111,132,192,216,276,325.2,357.59,399.59","0,55,76,118,152,182,249.1,308.7,346.9,396.1,657.1,683.2"
1,264,14,18,"14, 2, 3, 6, 7, 8,12,15,19,20","18, 1, 4, 5, 9,10,11,13,16,17",1500,1500,86.718,78,1413.282,1422,3000,2835.282,1417.641,10,10,"0,58,111,149,166,226,250,310,359.2,391.59,433.59","0,48,69,111,123,190.1,249.7,287.9,337.1,363.9,390"
1,265,14,19,"14, 1, 4, 5, 9,10,11,13,15,20","19, 2, 3, 6, 7, 8,12,16,17,18",1500,1500,91.786,76.86,1408.214,1423.14,3000,2831.354,1415.677,10,10,"0,43,64,106,118,185.1,244.7,282.9,399.9,416.93,458.93","0,30,83,121,138,198,222,244.4,271.2,297.3,384.3"
1,266,14,20,"14, 1, 4, 5, 9,11,13,16,17,18","20, 2, 3, 6, 7, 8,10,12,15,19",1500,1500,65.56,101.018,1434.44,1398.982,3000,2833.422,1416.711,10,10,"0,43,64,106,118,138.5,176.7,225.9,252.7,278.8,327.8","0,58,111,149,166,226,298.5,363.5,423.5,472.7,505.09"
1,267,15,1,"15, 2, 3, 8, 9,11,13,14,19,20","1, 4, 5, 6, 7,10,12,16,17,18",1500,1500,95.498,65.86,1404.502,1434.14,3000,2838.642,1419.321,10,10,"0,75,128,170,248,268.5,306.7,375.7,428.1,460.49,477.49","0,21,63,97,114,141,206,228.4,255.2,281.3,329.3"
1,268,15,2,"15, 1, 4, 5, 6, 7,10,12,14,20","2, 3, 8, 9,11,13,16,17,18,19",1500,1500,73.318,90.16,1426.682,1409.84,3000,2836.522,1418.261,10,10,"0,79,100,142,176,193,220,285,308,349.59,366.59","0,53,95,173,193.5,231.7,280.9,307.7,333.8,420.8,450.8"
1,269,15,3,"15, 1, 2, 6, 7, 8,12,14,16","3, 4, 5, 9,10,11,13,17,18,19,20",1350,1650,86.3,99.758,1263.7,1550.242,3000,2813.942,1406.971,9,11,"0,79,176,205,222,282,306,329,356.5,431.5","0,67,109,121,188.1,247.7,285.9,325.3,351.4,438.4,470.79,498.79"
1,270,15,4,"15, 1, 2, 3, 6, 7, 8,12,14,19,20","4, 5, 9,10,11,13,16,17,18",1650,1350,98.558,71.6,1551.442,1278.4,3000,2829.842,1414.921,11,9,"0,79,176,229,267,284,344,368,391,443.4,475.79,492.79","0,42,54,121.1,180.7,218.9,268.1,294.9,321,358"
1,271,15,5,"15, 1, 2, 3, 4, 8,12,14,19,20","5, 6, 7, 9,10,11,13,16,17,18",1500,1500,99.758,74.4,1400.242,1425.6,3000,2825.842,1412.921,10,10,"0,79,176,229,296,350,374,397,449.4,481.79,498.79","0,34,51,93,160.1,219.7,257.9,307.1,333.9,360,372"
1,272,15,6,"15, 1, 2, 3, 4, 5, 9,12,14,19,20","6, 7, 8,10,11,13,16,17,18",1650,1350,105.958,79.08,1544.042,1270.92,3000,2814.962,1407.481,11,9,"0,79,176,229,296,338,350,405,428,480.4,512.79,529.79","0,17,77,149.5,209.1,247.3,296.5,323.3,349.4,395.4"
1,273,15,7,"15, 1, 2, 3, 4, 5, 6,10,12,14,19,20","7, 8, 9,11,13,16,17,18",1800,1200,119.958,70.16,1680.042,1129.84,3000,2809.882,1404.941,12,8,"0,79,176,229,296,338,372,410,475,498,550.4,582.79,599.79","0,60,138,158.5,196.7,245.9,272.7,298.8,350.8"
1,274,15,8,"15, 1, 2, 3, 4, 5, 6, 7,10,12,14,19,20","8, 9,11,13,16,17,18",1950,1050,121.158,62.16,1828.842,987.84,3000,2816.682,1408.341,13,7,"0,79,176,229,296,338,372,389,416,481,504,556.4,588.79,605.79","0,78,98.5,136.7,185.9,212.7,238.8,310.8"
1,275,15,9,"15,19,20","9, 1, 2, 3, 4, 5, 6, 7, 8,10,11,12,13,14,16,17,18",450,2550,19.718,174.22,430.282,2375.78,3000,2806.062,1403.031,3,17,"0,49.2,81.59,98.59","0,61,158,211,278,320,354,371,431,503.5,563.1,631.1,702.7,771.7,799.2,826,852.1,871.1"
1,276,15,10,"15, 1, 4, 8,12,14,20","10, 2, 3, 5, 6, 7, 9,11,13,16,17,18,19",1050,1950,51.918,97.36,998.082,1852.64,3000,2850.722,1425.361,7,13,"0,79,100,154,178,201,242.59,259.59","0,32,85,136,170,187,229,249.5,287.7,336.9,363.7,389.8,476.8,486.8"
1,277,15,11,"15, 1, 2, 3, 4, 5, 6, 7, 8, 9,10,12,14,19,20","11,13,16,17,18",2250,750,156.778,36,2093.222,714,3000,2807.222,1403.611,15,5,"0,79,176,229,296,338,372,389,449,527,594.1,659.1,682.1,734.5,766.89,783.89","0,38.2,87.4,114.2,140.3,180"
1,278,15,12,"15, 1, 2, 3, 4, 5, 6, 7, 8, 9,10,11,13,14,19,20","12,16,17,18",2400,600,172.538,24.66,2227.462,575.34,3000,2802.802,1401.401,16,4,"0,79,176,229,296,338,372,389,449,527,594.1,653.7,691.9,760.9,813.3,845.69,862.69","0,22.4,49.2,75.3,123.3"
1,279,15,13,"15, 2, 3, 6, 7, 8,12,14,19,20","13, 1, 4, 5, 9,10,11,16,17,18",1500,1500,78.358,79.92,1421.642,1420.08,3000,2841.722,1420.861,10,10,"0,75,128,166,183,243,267,290,342.4,374.79,391.79","0,71,92,134,146,213.1,272.7,323.3,350.1,376.2,399.6"
1,280,15,14,"15, 2, 3, 8,12,19,20","14, 1, 4, 5, 6, 7, 9,10,11,13,16,17,18",1050,1950,63.598,103,986.402,1847,3000,2833.402,1416.701,7,13,"0,75,128,170,194,268.6,300.99,317.99","0,43,64,106,140,157,199,266.1,325.7,363.9,413.1,439.9,466,515"
1,281,15,16,"15, 1, 4, 5, 6, 7,10,12,14,20","16, 2, 3, 8, 9,11,13,17,18,19",1500,1500,73.318,106.38,1426.682,1393.62,3000,2820.302,1410.151,10,10,"0,79,100,142,176,193,220,285,308,349.59,366.59","0,72,125,167,245,265.5,303.7,343.1,369.2,456.2,531.9"
1,282,15,17,"15, 2, 3, 8,12,14,19,20","17, 1, 4, 5, 6, 7, 9,10,11,13,16,18",1200,1800,63.758,142.44,1136.242,1657.56,3000,2793.802,1396.901,8,12,"0,75,128,170,194,217,269.4,301.79,318.79","0,55,76,118,152,169,211,278.1,337.7,375.9,425.1,686.1,712.2"
1,283,15,18,"15, 2, 3, 8,12,14,16,17,19,20","18, 1, 4, 5, 6, 7, 9,10,11,13",1500,1500,76.358,78.46,1423.642,1421.54,3000,2845.182,1422.591,10,10,"0,75,128,170,194,217,244.5,271.3,332.4,364.79,381.79","0,48,69,111,145,162,204,271.1,330.7,368.9,392.3"
1,284,15,19,"15, 1, 4, 5, 9,11,13,14,20","19, 2, 3, 6, 7, 8,10,12,16,17,18",1350,1650,68.058,99.56,1281.942,1550.44,3000,2832.382,1416.191,9,11,"0,79,100,142,154,174.5,212.7,281.7,323.29,340.29","0,30,83,121,138,198,270.5,335.5,357.9,384.7,410.8,497.8"
1,285,15,20,"15, 1, 4, 5, 6, 7,10,12,14,16","20, 2, 3, 8, 9,11,13,17,18,19",1500,1500,82.1,94.918,1417.9,1405.082,3000,2822.982,1411.491,10,10,"0,79,100,142,176,193,220,285,308,335.5,410.5","0,58,111,153,231,251.5,289.7,329.1,355.2,442.2,474.59"
1,286,16,1,"16, 2, 3, 8, 9,11,13,17,18,19","1, 4, 5, 6, 7,10,12,14,15,20",1500,1500,106.38,74.606,1393.62,1425.394,3000,2819.014,1409.507,10,10,"0,72,125,167,245,265.5,303.7,343.1,369.2,456.2,531.9","0,21,63,97,114,141,206,229,277,294.03,373.03"
1,287,16,2,"16, 1, 4, 5, 9,10,11,13,17,18","2, 3, 6, 7, 8,12,14,15,19,20",1500,1500,71.9,80.518,1428.1,1419.482,3000,2847.582,1423.791,10,10,"0,28,49,91,103,170.1,229.7,267.9,307.3,333.4,359.5","0,53,91,108,168,192,215,263,312.2,344.59,402.59"
1,288,16,3,"16, 1, 2, 6, 7, 8,10,12,17,18","3, 4, 5, 9,11,13,14,15,19,20",1500,1500,92.94,81.258,1407.06,1418.742,3000,2825.802,1412.901,10,10,"0,28,125,154,171,231,303.5,368.5,412.5,438.6,464.7","0,67,109,121,141.5,179.7,248.7,296.7,345.9,378.29,406.29"
1,289,16,4,"16, 1, 2, 3, 6, 7, 8,12,14,15,17,19,20","4, 5, 9,10,11,13,18",1950,1050,125.678,55.86,1824.322,994.14,3000,2818.462,1409.231,13,7,"0,28,125,178,216,233,293,317,340,388,465.8,526.9,559.29,628.39","0,42,54,121.1,180.7,218.9,242.3,279.3"
1,290,16,5,"16, 1, 2, 3, 4, 6, 7, 8,12,14,15,17,19,20","5, 9,10,11,13,18",2100,900,145.878,42.46,1954.122,857.54,3000,2811.662,1405.831,14,6,"0,28,125,178,245,317,334,394,418,441,489,566.8,627.9,660.29,729.39","0,12,79.1,138.7,176.9,200.3,212.3"
1,291,16,6,"16, 1, 2, 3, 4, 5, 9,10,11,13,17,18","6, 7, 8,12,14,15,19,20",1800,1200,111.1,62.118,1688.9,1137.882,3000,2826.782,1413.391,12,8,"0,28,125,178,245,287,299,366.1,425.7,463.9,503.3,529.4,555.5","0,17,77,101,124,172,221.2,253.59,310.59"
1,292,16,7,"16, 1, 2, 3, 4, 5, 6, 9,10,11,13,17,18","7, 8,12,14,15,19,20",1950,1050,121.5,55.318,1828.5,994.682,3000,2823.182,1411.591,13,7,"0,28,125,178,245,287,321,351,418.1,477.7,515.9,555.3,581.4,607.5","0,60,84,107,155,204.2,236.59,276.59"
1,293,16,8,"16, 1, 2, 3, 4, 5, 6, 7, 9,10,11,13,17,18","8,12,14,15,19,20",2100,900,127.3,46.718,1972.7,853.282,3000,2825.982,1412.991,14,6,"0,28,125,178,245,287,321,338,380,447.1,506.7,544.9,584.3,610.4,636.5","0,24,47,95,144.2,176.59,233.59"
1,294,16,9,"16, 1, 2, 3, 4, 5, 6, 7, 8,10,12,17,18","9,11,13,14,15,19,20",1950,1050,126.34,67.658,1823.66,982.342,3000,2806.002,1403.001,13,7,"0,28,125,178,245,287,321,338,398,470.5,535.5,579.5,605.6,631.7","0,20.5,58.7,127.7,175.7,224.9,257.29,338.29"
1,295,16,10,"16, 1, 2, 3, 4, 5, 6, 7, 8, 9,11,13,17,18","10,12,14,15,19,20",2100,900,125.26,48.758,1974.74,851.242,3000,2825.982,1412.991,14,6,"0,28,125,178,245,287,321,338,398,476,496.5,534.7,574.1,600.2,626.3","0,65,88,136,185.2,217.59,243.79"
1,296,16,11,"16, 1, 4, 5, 6, 7,10,12,17,18","11, 2, 3, 8, 9,13,14,15,19,20",1500,1500,66.04,103.218,1433.96,1396.782,3000,2830.742,1415.371,10,10,"0,28,49,91,125,142,169,234,278,304.1,330.2","0,40,93,135,213,238.1,307.1,355.1,404.3,436.69,516.09"
1,297,16,12,"16, 1, 2, 3, 4, 5, 6, 7, 8, 9,10,11,13,17,18","12,14,15,19,20",2250,750,146.5,42.318,2103.5,707.682,3000,2811.182,1405.591,15,5,"0,28,125,178,245,287,321,338,398,476,543.1,602.7,640.9,680.3,706.4,732.5","0,23,71,120.2,152.59,211.59"
1,298,16,13,"16, 1, 4, 5, 6, 7,10,12,17,18","13, 2, 3, 8, 9,11,14,15,19,20",1500,1500,66.04,112.218,1433.96,1387.782,3000,2821.742,1410.871,10,10,"0,28,49,91,125,142,169,234,278,304.1,330.2","0,78,131,173,251,271.5,325.5,373.5,422.7,455.09,561.09"
1,299,16,14,"16, 1, 4, 5, 9,12,17,18","14, 2, 3, 6, 7, 8,10,11,13,15,19,20",1200,1800,50.84,127.378,1149.16,1672.622,3000,2821.782,1410.891,8,12,"0,28,49,91,103,158,202,228.1,254.2","0,58,111,149,166,226,298.5,358.1,396.3,513.3,562.5,594.89,636.89"
1,300,16,15,"16, 1, 4, 5, 9,11,13,17,18","15, 2, 3, 6, 7, 8,10,12,14,19,20",1350,1650,50.66,101.058,1299.34,1548.942,3000,2848.282,1424.141,9,11,"0,28,49,91,103,123.5,161.7,201.1,227.2,253.3","0,75,128,166,183,243,315.5,380.5,403.5,455.9,488.29,505.29"
1,301,16,17,"16, 2, 3, 8, 9,11,13,19,20","17, 1, 4, 5, 6, 7,10,12,14,15,18",1350,1650,100.638,91.1,1249.362,1558.9,3000,2808.262,1404.131,9,11,"0,72,125,167,245,265.5,303.7,401.7,434.09,503.19","0,55,76,118,152,169,196,261,284,332,429.4,455.5"
1,302,16,18,"16, 2, 3, 6, 7, 8,12,14,15,17,19,20","18, 1, 4, 5, 9,10,11,13",1800,1200,115.078,62.26,1684.922,1137.74,3000,2822.662,1411.331,12,8,"0,72,125,163,180,240,264,287,335,412.8,473.9,506.29,575.39","0,48,69,111,123,190.1,249.7,287.9,311.3"
1,303,16,19,"16, 1, 4, 5, 6, 7,10,12,17,18","19, 2, 3, 8, 9,11,13,14,15,20",1500,1500,66.04,85.626,1433.96,1414.374,3000,2848.334,1424.167,10,10,"0,28,49,91,125,142,169,234,278,304.1,330.2","0,30,83,125,203,223.5,261.7,330.7,378.7,395.73,428.13"
1,304,16,20,"16, 1, 4, 5, 9,10,11,13,17,18","20, 2, 3, 6, 7, 8,12,14,15,19",1500,1500,71.9,80.518,1428.1,1419.482,3000,2847.582,1423.791,10,10,"0,28,49,91,103,170.1,229.7,267.9,307.3,333.4,359.5","0,58,111,149,166,226,250,273,321,370.2,402.59"
1,305,17,1,"17, 2, 3, 5, 6, 7, 9,10,11,13,16,18,19","1, 4, 8,12,14,15,20",1950,1050,173.84,53.206,1776.16,996.794,3000,2772.954,1386.477,13,7,"0,49,102,153,187,204,246,313.1,372.7,410.9,460.1,721.1,808.1,869.2","0,21,75,99,122,170,187.03,266.03"
1,306,17,2,"17, 1, 4, 5, 9,10,11,13,16,18","2, 3, 6, 7, 8,12,14,15,19,20",1500,1500,126.24,80.518,1373.76,1419.482,3000,2793.242,1396.621,10,10,"0,55,76,118,130,197.1,256.7,294.9,344.1,605.1,631.2","0,53,91,108,168,192,215,263,312.2,344.59,402.59"
1,307,17,3,"17, 1, 2, 4, 5, 9,10,11,13,16,18","3, 6, 7, 8,12,14,15,19,20",1650,1350,161.44,63.918,1488.56,1286.082,3000,2774.642,1387.321,11,9,"0,55,152,252,294,306,373.1,432.7,470.9,520.1,781.1,807.2","0,38,55,115,139,162,210,259.2,291.59,319.59"
1,308,17,4,"17, 1, 2, 3, 5, 6, 7, 9,10,11,13,16,18","4, 8,12,14,15,19,20",1950,1050,170.04,64.918,1779.96,985.082,3000,2765.042,1382.521,13,7,"0,55,152,205,256,290,307,349,416.1,475.7,513.9,563.1,824.1,850.2","0,54,78,101,149,198.2,230.59,324.59"
1,309,17,5,"17, 1, 2, 3, 4, 8,12,14,15,16,19,20","5, 6, 7, 9,10,11,13,18",1800,1200,134.098,58.66,1665.902,1141.34,3000,2807.242,1403.621,12,8,"0,55,152,205,272,326,350,373,421,495.8,571.5,603.89,670.49","0,34,51,93,160.1,219.7,257.9,281.3,293.3"
1,310,17,6,"17, 1, 2, 3, 4, 5, 9,10,11,13,16,18","6, 7, 8,12,14,15,19,20",1800,1200,165.44,62.118,1634.56,1137.882,3000,2772.442,1386.221,12,8,"0,55,152,205,272,314,326,393.1,452.7,490.9,540.1,801.1,827.2","0,17,77,101,124,172,221.2,253.59,310.59"
1,311,17,7,"17, 1, 2, 3, 4, 5, 6, 9,10,11,13,16,18","7, 8,12,14,15,19,20",1950,1050,175.84,55.318,1774.16,994.682,3000,2768.842,1384.421,13,7,"0,55,152,205,272,314,348,378,445.1,504.7,542.9,592.1,853.1,879.2","0,60,84,107,155,204.2,236.59,276.59"
1,312,17,8,"17, 1, 2, 3, 4, 5, 6, 7, 9,10,11,13,16,18","8,12,14,15,19,20",2100,900,181.64,46.718,1918.36,853.282,3000,2771.642,1385.821,14,6,"0,55,152,205,272,314,348,365,407,474.1,533.7,571.9,621.1,882.1,908.2","0,24,47,95,144.2,176.59,233.59"
1,313,17,9,"17, 1, 2, 3, 4, 5, 6, 7, 8,12,14,15,16,19,20","9,10,11,13,18",2250,750,153.898,41.46,2096.102,708.54,3000,2804.642,1402.321,15,5,"0,55,152,205,272,314,348,365,425,449,472,520,594.8,670.5,702.89,769.49","0,67.1,126.7,164.9,188.3,207.3"
1,314,17,10,"17, 1, 2, 3, 4, 5, 6, 7, 8, 9,11,13,16,18","10,12,14,15,19,20",2100,900,179.6,48.758,1920.4,851.242,3000,2771.642,1385.821,14,6,"0,55,152,205,272,314,348,365,425,503,523.5,561.7,610.9,871.9,898","0,65,88,136,185.2,217.59,243.79"
1,315,17,11,"17, 1, 2, 3, 4, 5, 6, 7, 8, 9,10,12,16,18","11,13,14,15,19,20",2100,900,188.92,63.238,1911.08,836.762,3000,2747.842,1373.921,14,6,"0,55,152,205,272,314,348,365,425,503,570.1,635.1,657.5,918.5,944.6","0,38.2,107.2,155.2,204.4,236.79,316.19"
1,316,17,12,"17, 1, 4, 5, 9,10,11,13,16,18","12, 2, 3, 6, 7, 8,14,15,19,20",1500,1500,126.24,94.918,1373.76,1405.082,3000,2778.842,1389.421,10,10,"0,55,76,118,130,197.1,256.7,294.9,344.1,605.1,631.2","0,80,133,171,188,248,286,334,383.2,415.59,474.59"
1,317,17,13,"17, 1, 4, 5, 6, 7,10,12,16,18","13, 2, 3, 8, 9,11,14,15,19,20",1500,1500,114.1,112.218,1385.9,1387.782,3000,2773.682,1386.841,10,10,"0,55,76,118,152,169,196,261,283.4,544.4,570.5","0,78,131,173,251,271.5,325.5,373.5,422.7,455.09,561.09"
1,318,17,14,"17, 1, 4, 5, 9,10,11,13,16,18","14, 2, 3, 6, 7, 8,12,15,19,20",1500,1500,126.24,86.718,1373.76,1413.282,3000,2787.042,1393.521,10,10,"0,55,76,118,130,197.1,256.7,294.9,344.1,605.1,631.2","0,58,111,149,166,226,250,310,359.2,391.59,433.59"
1,319,17,15,"17, 1, 4, 5, 9,10,11,13,16,18","15, 2, 3, 6, 7, 8,12,14,19,20",1500,1500,126.24,78.358,1373.76,1421.642,3000,2795.402,1397.701,10,10,"0,55,76,118,130,197.1,256.7,294.9,344.1,605.1,631.2","0,75,128,166,183,243,267,290,342.4,374.79,391.79"
1,320,17,16,"17, 1, 4, 5, 6, 7,10,12,14,15,18","16, 2, 3, 8, 9,11,13,19,20",1650,1350,91.1,100.638,1558.9,1249.362,3000,2808.262,1404.131,11,9,"0,55,76,118,152,169,196,261,284,332,429.4,455.5","0,72,125,167,245,265.5,303.7,401.7,434.09,503.19"
1,321,17,18,"17, 2, 3, 6, 7, 8,12,14,15,16,19,20","18, 1, 4, 5, 9,10,11,13",1800,1200,112.298,62.26,1687.702,1137.74,3000,2825.442,1412.721,12,8,"0,49,102,140,157,217,241,264,312,386.8,462.5,494.89,561.49","0,48,69,111,123,190.1,249.7,287.9,311.3"
1,322,17,19,"17, 1, 4, 5, 9,10,11,13,16,18","19, 2, 3, 6, 7, 8,12,14,15,20",1500,1500,126.24,68.486,1373.76,1431.514,3000,2805.274,1402.637,10,10,"0,55,76,118,130,197.1,256.7,294.9,344.1,605.1,631.2","0,30,83,121,138,198,222,245,293,310.03,342.43"
1,323,17,20,"17, 1, 4, 5, 6, 7,10,12,16,18","20, 2, 3, 8, 9,11,13,14,15,19",1500,1500,114.1,97.658,1385.9,1402.342,3000,2788.242,1394.121,10,10,"0,55,76,118,152,169,196,261,283.4,544.4,570.5","0,58,111,153,231,251.5,289.7,358.7,406.7,455.9,488.29"
1,324,18,1,"18, 2, 3, 8, 9,11,13,16,17,19","1, 4, 5, 6, 7,10,12,14,15,20",1500,1500,105.96,74.606,1394.04,1425.394,3000,2819.434,1409.717,10,10,"0,74,127,169,247,267.5,305.7,354.9,381.7,442.8,529.8","0,21,63,97,114,141,206,229,277,294.03,373.03"
1,325,18,2,"18, 1, 4, 5, 9,10,11,13,16,17","2, 3, 6, 7, 8,12,14,15,19,20",1500,1500,78,80.518,1422,1419.482,3000,2841.482,1420.741,10,10,"0,48,69,111,123,190.1,249.7,287.9,337.1,363.9,390","0,53,91,108,168,192,215,263,312.2,344.59,402.59"
1,326,18,3,"18, 1, 2, 9,10,11,13,16,17","3, 4, 5, 6, 7, 8,12,14,15,19,20",1350,1650,93.6,84.918,1256.4,1565.082,3000,2821.482,1410.741,9,11,"0,48,145,201,268.1,327.7,365.9,415.1,441.9,468","0,67,109,143,160,220,244,267,315,364.2,396.59,424.59"
1,327,18,4,"18, 1, 2, 3, 6, 7, 8,12,16,17","4, 5, 9,10,11,13,14,15,19,20",1500,1500,82.46,102.298,1417.54,1397.702,3000,2815.242,1407.621,10,10,"0,48,145,198,236,253,313,337,359.4,386.2,412.3","0,42,54,121.1,180.7,218.9,287.9,335.9,385.1,417.49,511.49"
1,328,18,5,"18, 1, 2, 3, 4, 8, 9,11,13,16,17","5, 6, 7,10,12,14,15,19,20",1650,1350,111.56,74.718,1538.44,1275.282,3000,2813.722,1406.861,11,9,"0,48,145,198,265,319,397,417.5,455.7,504.9,531.7,557.8","0,34,51,78,143,166,214,263.2,295.59,373.59"
1,329,18,6,"18, 1, 2, 3, 4, 5, 9,10,11,13,16,17","6, 7, 8,12,14,15,19,20",1800,1200,117.2,62.118,1682.8,1137.882,3000,2820.682,1410.341,12,8,"0,48,145,198,265,307,319,386.1,445.7,483.9,533.1,559.9,586","0,17,77,101,124,172,221.2,253.59,310.59"
1,330,18,7,"18, 1, 2, 3, 4, 5, 6, 9,10,11,13,16,17","7, 8,12,14,15,19,20",1950,1050,127.6,55.318,1822.4,994.682,3000,2817.082,1408.541,13,7,"0,48,145,198,265,307,341,371,438.1,497.7,535.9,585.1,611.9,638","0,60,84,107,155,204.2,236.59,276.59"
1,331,18,8,"18, 1, 2, 3, 4, 5, 6, 7,10,12,16,17","8, 9,11,13,14,15,19,20",1800,1200,105.06,78.458,1694.94,1121.542,3000,2816.482,1408.241,12,8,"0,48,145,198,265,307,341,358,385,450,472.4,499.2,525.3","0,78,98.5,136.7,205.7,253.7,302.9,335.29,392.29"
1,332,18,9,"18, 1, 4, 5, 6, 7,10,12,16,17","9, 2, 3, 8,11,13,14,15,19,20",1500,1500,65.86,111.758,1434.14,1388.242,3000,2822.382,1411.191,10,10,"0,48,69,111,145,162,189,254,276.4,303.2,329.3","0,56,109,151,241,279.2,348.2,396.2,445.4,477.79,558.79"
1,333,18,10,"18, 2, 3, 8,12,16,17,19","10, 1, 4, 5, 6, 7, 9,11,13,14,15,20",1200,1800,78.06,91.986,1121.94,1708.014,3000,2829.954,1414.977,8,12,"0,74,127,169,193,215.4,242.2,303.3,390.3","0,85,106,148,182,199,241,261.5,299.7,368.7,416.7,433.73,459.93"
1,334,18,11,"18, 1, 2, 3, 4, 5, 6, 7, 8, 9,10,12,16,17","11,13,14,15,19,20",2100,900,140.68,63.238,1959.32,836.762,3000,2796.082,1398.041,14,6,"0,48,145,198,265,307,341,358,418,496,563.1,628.1,650.5,677.3,703.4","0,38.2,107.2,155.2,204.4,236.79,316.19"
1,335,18,12,"18, 1, 4, 5, 9,10,11,13","12, 2, 3, 6, 7, 8,14,15,16,17,19,20",1200,1800,62.26,117.618,1137.74,1682.382,3000,2820.122,1410.061,8,12,"0,48,69,111,123,190.1,249.7,287.9,311.3","0,80,133,171,188,248,286,334,408.8,435.6,496.7,529.09,588.09"
1,336,18,13,"18, 1, 4, 5, 6, 7,10,12,16,17","13, 2, 3, 8, 9,11,14,15,19,20",1500,1500,65.86,112.218,1434.14,1387.782,3000,2821.922,1410.961,10,10,"0,48,69,111,145,162,189,254,276.4,303.2,329.3","0,78,131,173,251,271.5,325.5,373.5,422.7,455.09,561.09"
1,337,18,14,"18, 1, 4, 5, 6, 7, 9,11,13,16,17","14, 2, 3, 8,10,12,15,19,20",1650,1350,72.96,94.818,1577.04,1255.182,3000,2832.222,1416.111,11,9,"0,48,69,111,145,162,204,224.5,262.7,311.9,338.7,364.8","0,58,111,153,225.5,290.5,350.5,399.7,432.09,474.09"
1,338,18,15,"18, 2, 3, 6, 7, 8,12,16,17,19","15, 1, 4, 5, 9,10,11,13,14,20",1500,1500,92.66,89.298,1407.34,1410.702,3000,2818.042,1409.021,10,10,"0,74,127,165,182,242,266,288.4,315.2,376.3,463.3","0,79,100,142,154,221.1,280.7,318.9,387.9,429.49,446.49"
1,339,18,16,"18, 2, 3, 6, 7, 8,12,14,15,17,19,20","16, 1, 4, 5, 9,10,11,13",1800,1200,119.418,63.42,1680.582,1136.58,3000,2817.162,1408.581,12,8,"0,74,127,165,182,242,266,289,337,414.8,475.9,508.29,597.09","0,28,49,91,103,170.1,229.7,267.9,317.1"
1,340,18,17,"18, 1, 4, 5, 6, 7, 9,10,11,13","17, 2, 3, 8,12,14,15,16,19,20",1500,1500,78.46,97.698,1421.54,1402.302,3000,2823.842,1411.921,10,10,"0,48,69,111,145,162,204,271.1,330.7,368.9,392.3","0,49,102,144,168,191,239,313.8,389.5,421.89,488.49"
1,341,18,19,"18, 1, 4, 5, 9,11,13,16,17","19, 2, 3, 6, 7, 8,10,12,14,15,20",1350,1650,56.76,91.186,1293.24,1558.814,3000,2852.054,1426.027,9,11,"0,48,69,111,123,143.5,181.7,230.9,257.7,283.8","0,30,83,121,138,198,270.5,335.5,358.5,406.5,423.53,455.93"
1,342,18,20,"18, 2, 3, 8, 9,11,13,16,17,19","20, 1, 4, 5, 6, 7,10,12,14,15",1500,1500,105.96,74.606,1394.04,1425.394,3000,2819.434,1409.717,10,10,"0,74,127,169,247,267.5,305.7,354.9,381.7,442.8,529.8","0,79,100,142,176,193,220,285,308,356,373.03"
1,343,19,1,"19, 2, 3, 6, 7, 8,12,14,15,20","1, 4, 5, 9,10,11,13,16,17,18",1500,1500,68.486,78,1431.514,1422,3000,2853.514,1426.757,10,10,"0,30,83,121,138,198,222,245,293,310.03,342.43","0,21,63,75,142.1,201.7,239.9,289.1,315.9,342,390"
1,344,19,2,"19, 1, 4, 5, 6, 7,10,12,14,15,20","2, 3, 8, 9,11,13,16,17,18",1650,1350,84.286,81.56,1565.714,1268.44,3000,2834.154,1417.077,11,9,"0,95,116,158,192,209,236,301,324,372,389.03,421.43","0,53,95,173,193.5,231.7,280.9,307.7,333.8,407.8"
1,345,19,3,"19, 1, 2, 6, 7, 8,12,14,15,20","3, 4, 5, 9,10,11,13,16,17,18",1500,1500,88.486,90,1411.514,1410,3000,2821.514,1410.757,10,10,"0,95,192,221,238,298,322,345,393,410.03,442.43","0,67,109,121,188.1,247.7,285.9,335.1,361.9,388,450"
1,346,19,4,"19, 1, 2, 3, 6, 7, 8,12,14,15,20","4, 5, 9,10,11,13,16,17,18",1650,1350,100.886,71.6,1549.114,1278.4,3000,2827.514,1413.757,11,9,"0,95,192,245,283,300,360,384,407,455,472.03,504.43","0,42,54,121.1,180.7,218.9,268.1,294.9,321,358"
1,347,19,5,"19, 1, 2, 3, 4, 8,12,14,15,20","5, 6, 7, 9,10,11,13,16,17,18",1500,1500,102.086,74.4,1397.914,1425.6,3000,2823.514,1411.757,10,10,"0,95,192,245,312,366,390,413,461,478.03,510.43","0,34,51,93,160.1,219.7,257.9,307.1,333.9,360,372"
1,348,19,6,"19, 1, 2, 3, 4, 5, 9,10,11,13,14,15,20","6, 7, 8,12,16,17,18",1950,1050,139.466,44.46,1810.534,1005.54,3000,2816.074,1408.037,13,7,"0,95,192,245,312,354,366,433.1,492.7,530.9,599.9,647.9,664.93,697.33","0,17,77,101,123.4,150.2,176.3,222.3"
1,349,19,7,"19, 1, 2, 3, 4, 5, 6, 8,12,14,15,20","7, 9,10,11,13,16,17,18",1800,1200,121.286,72.2,1678.714,1127.8,3000,2806.514,1403.257,12,8,"0,95,192,245,312,354,388,462,486,509,557,574.03,606.43","0,42,109.1,168.7,206.9,256.1,282.9,309,361"
1,350,19,8,"19, 1, 2, 3, 4, 5, 6, 7,10,12,14,15,16,17,20","8, 9,11,13,18",2250,750,153.714,46.42,2096.286,703.58,3000,2799.866,1399.933,15,5,"0,95,192,245,312,354,388,405,432,497,520,568,642.8,669.6,736.17,768.57","0,78,98.5,136.7,160.1,232.1"
1,351,19,9,"19, 1, 2, 3, 4, 5, 6, 7, 8,12,14,15,20","9,10,11,13,16,17,18",1950,1050,121.886,57.2,1828.114,992.8,3000,2820.914,1410.457,13,7,"0,95,192,245,312,354,388,405,465,489,512,560,577.03,609.43","0,67.1,126.7,164.9,214.1,240.9,267,286"
1,352,19,10,"19, 1, 2, 3, 4, 5, 6, 7, 8, 9,11,13,14,15,20","10,12,16,17,18",2250,750,153.626,43.94,2096.374,706.06,3000,2802.434,1401.217,15,5,"0,95,192,245,312,354,388,405,465,543,563.5,601.7,670.7,718.7,735.73,768.13","0,65,87.4,114.2,140.3,219.7"
1,353,19,11,"19, 2, 3, 6, 7, 8,12,14,15,20","11, 1, 4, 5, 9,10,13,16,17,18",1500,1500,68.486,90.78,1431.514,1409.22,3000,2840.734,1420.367,10,10,"0,30,83,121,138,198,222,245,293,310.03,342.43","0,78,99,141,153,220.1,312.1,361.3,388.1,414.2,453.9"
1,354,19,12,"19, 2, 3, 8, 9,11,13,14,15,20","12, 1, 4, 5, 6, 7,10,16,17,18",1500,1500,85.626,65.88,1414.374,1434.12,3000,2848.494,1424.247,10,10,"0,30,83,125,203,223.5,261.7,330.7,378.7,395.73,428.13","0,21,42,84,118,135,162,228.5,255.3,281.4,329.4"
1,355,19,13,"19, 1, 2, 3, 4, 5, 6, 7, 8, 9,10,11,12,14,15,20","13,16,17,18",2400,600,171.626,25.1,2228.374,574.9,3000,2803.274,1401.637,16,4,"0,95,192,245,312,354,388,405,465,543,610.1,669.7,737.7,760.7,808.7,825.73,858.13","0,49.2,76,102.1,125.5"
1,356,19,14,"19, 2, 3, 8,12,15,20","14, 1, 4, 5, 6, 7, 9,10,11,13,16,17,18",1050,1950,51.686,103,998.314,1847,3000,2845.314,1422.657,7,13,"0,30,83,125,149,209,226.03,258.43","0,43,64,106,140,157,199,266.1,325.7,363.9,413.1,439.9,466,515"
1,357,19,15,"19, 2, 3, 8,12,16,17,18","15, 1, 4, 5, 6, 7, 9,10,11,13,14,20",1200,1800,62.26,105.498,1137.74,1694.502,3000,2832.242,1416.121,8,12,"0,30,83,125,149,171.4,198.2,224.3,311.3","0,79,100,142,176,193,235,302.1,361.7,399.9,468.9,510.49,527.49"
1,358,19,16,"19, 2, 3, 6, 7, 8,12,14,15,20","16, 1, 4, 5, 9,10,11,13,17,18",1500,1500,68.486,71.9,1431.514,1428.1,3000,2859.614,1429.807,10,10,"0,30,83,121,138,198,222,245,293,310.03,342.43","0,28,49,91,103,170.1,229.7,267.9,307.3,333.4,359.5"
1,359,19,17,"19, 1, 4, 5, 9,10,11,13,14,15,20","17, 2, 3, 6, 7, 8,12,16,18",1650,1350,100.266,110.1,1549.734,1239.9,3000,2789.634,1394.817,11,9,"0,95,116,158,170,237.1,296.7,334.9,403.9,451.9,468.93,501.33","0,49,102,140,157,217,241,263.4,524.4,550.5"
1,360,19,18,"19, 2, 3, 6, 7, 8,12,14,15,20","18, 1, 4, 5, 9,10,11,13,16,17",1500,1500,68.486,78,1431.514,1422,3000,2853.514,1426.757,10,10,"0,30,83,121,138,198,222,245,293,310.03,342.43","0,48,69,111,123,190.1,249.7,287.9,337.1,363.9,390"
1,361,19,20,"19, 2, 3, 8, 9,11,13,16,17,18","20, 1, 4, 5, 6, 7,10,12,14,15",1500,1500,90.16,74.606,1409.84,1425.394,3000,2835.234,1417.617,10,10,"0,30,83,125,203,223.5,261.7,310.9,337.7,363.8,450.8","0,79,100,142,176,193,220,285,308,356,373.03"
1,362,20,1,"20, 2, 3, 8, 9,11,13,14,15,19","1, 4, 5, 6, 7,10,12,16,17,18",1500,1500,97.658,65.86,1402.342,1434.14,3000,2836.482,1418.241,10,10,"0,58,111,153,231,251.5,289.7,358.7,406.7,455.9,488.29","0,21,63,97,114,141,206,228.4,255.2,281.3,329.3"
1,363,20,2,"20, 1, 4, 5, 6, 7,10,12,14,15","2, 3, 8, 9,11,13,16,17,18,19",1500,1500,74.606,90.16,1425.394,1409.84,3000,2835.234,1417.617,10,10,"0,79,100,142,176,193,220,285,308,356,373.03","0,53,95,173,193.5,231.7,280.9,307.7,333.8,420.8,450.8"
1,364,20,3,"20, 1, 2, 6, 7, 8,12,14,15","3, 4, 5, 9,10,11,13,16,17,18,19",1350,1650,78.806,103.2,1271.194,1546.8,3000,2817.994,1408.997,9,11,"0,79,176,205,222,282,306,329,377,394.03","0,67,109,121,188.1,247.7,285.9,335.1,361.9,388,475,516"
1,365,20,4,"20, 1, 2, 3, 6, 7, 8,12,14,15,19","4, 5, 9,10,11,13,16,17,18",1650,1350,104.118,71.6,1545.882,1278.4,3000,2824.282,1412.141,11,9,"0,79,176,229,267,284,344,368,391,439,488.2,520.59","0,42,54,121.1,180.7,218.9,268.1,294.9,321,358"
1,366,20,5,"20, 1, 2, 3, 4, 8,12,14,15,19","5, 6, 7, 9,10,11,13,16,17,18",1500,1500,105.318,74.4,1394.682,1425.6,3000,2820.282,1410.141,10,10,"0,79,176,229,296,350,374,397,445,494.2,526.59","0,34,51,93,160.1,219.7,257.9,307.1,333.9,360,372"
1,367,20,6,"20, 1, 2, 3, 4, 5, 8,12,14,15,19","6, 7, 9,10,11,13,16,17,18",1650,1350,116.318,74.4,1533.682,1275.6,3000,2809.282,1404.641,11,9,"0,79,176,229,296,338,405,429,452,500,549.2,581.59","0,17,59,126.1,185.7,223.9,273.1,299.9,326,372"
1,368,20,7,"20, 1, 2, 3, 4, 5, 6, 9,10,11,13,14,15,19","7, 8,12,16,17,18",2100,900,153.098,42.26,1946.902,857.74,3000,2804.642,1402.321,14,6,"0,79,176,229,296,338,372,402,469.1,528.7,566.9,635.9,683.9,733.1,765.49","0,60,84,106.4,133.2,159.3,211.3"
1,369,20,8,"20, 1, 2, 3, 4, 5, 6, 7,10,12,14,15,19","8, 9,11,13,16,17,18",1950,1050,126.718,62.16,1823.282,987.84,3000,2811.122,1405.561,13,7,"0,79,176,229,296,338,372,389,416,481,504,552,601.2,633.59","0,78,98.5,136.7,185.9,212.7,238.8,310.8"
1,370,20,9,"20, 1, 2, 3, 4, 5, 6, 7, 8,12,14,15,19","9,10,11,13,16,17,18",1950,1050,125.118,57.2,1824.882,992.8,3000,2817.682,1408.841,13,7,"0,79,176,229,296,338,372,389,449,473,496,544,593.2,625.59","0,67.1,126.7,164.9,214.1,240.9,267,286"
1,371,20,10,"20, 1, 4, 5, 9,11,13,14,15","10, 2, 3, 6, 7, 8,12,16,17,18,19",1350,1650,69.346,79.26,1280.654,1570.74,3000,2851.394,1425.697,9,11,"0,79,100,142,154,174.5,212.7,281.7,329.7,346.73","0,32,85,123,140,200,224,246.4,273.2,299.3,386.3,396.3"
1,372,20,11,"20, 2, 3, 6, 7, 8,12,14,15,16,17,19","11, 1, 4, 5, 9,10,13,18",1800,1200,103.218,75.04,1696.782,1124.96,3000,2821.742,1410.871,12,8,"0,58,111,149,166,226,250,273,321,395.8,422.6,483.7,516.09","0,78,99,141,153,220.1,312.1,335.5,375.2"
1,373,20,12,"20, 2, 3, 8, 9,11,13,14,15,19","12, 1, 4, 5, 6, 7,10,16,17,18",1500,1500,97.658,65.88,1402.342,1434.12,3000,2836.462,1418.231,10,10,"0,58,111,153,231,251.5,289.7,358.7,406.7,455.9,488.29","0,21,42,84,118,135,162,228.5,255.3,281.4,329.4"
1,374,20,13,"20, 1, 4, 5, 6, 7,10,12,14,15","13, 2, 3, 8, 9,11,16,17,18,19",1500,1500,74.606,112,1425.394,1388,3000,2813.394,1406.697,10,10,"0,79,100,142,176,193,220,285,308,356,373.03","0,78,131,173,251,271.5,322.1,348.9,375,462,560"
1,375,20,14,"20, 2, 3, 6, 7, 8,12,15,19","14, 1, 4, 5, 9,10,11,13,16,17,18",1350,1650,78.318,86.8,1271.682,1563.2,3000,2834.882,1417.441,9,11,"0,58,111,149,166,226,250,310,359.2,391.59","0,43,64,106,118,185.1,244.7,282.9,332.1,358.9,385,434"
1,376,20,15,"20, 1, 4, 5, 6, 7,10,12,16,17,18","15, 2, 3, 8, 9,11,13,14,19",1650,1350,89.814,95.42,1560.186,1254.58,3000,2814.766,1407.383,11,9,"0,79,100,142,176,193,220,285,307.4,334.2,360.3,449.07","0,75,128,170,248,268.5,306.7,375.7,428.1,477.1"
1,377,20,16,"20, 2, 3, 8, 9,11,13,14,15,19","16, 1, 4, 5, 6, 7,10,12,17,18",1500,1500,97.658,66.04,1402.342,1433.96,3000,2836.302,1418.151,10,10,"0,58,111,153,231,251.5,289.7,358.7,406.7,455.9,488.29","0,28,49,91,125,142,169,234,278,304.1,330.2"
1,378,20,17,"20, 1, 4, 5, 6, 7,10,12,14,15","17, 2, 3, 8, 9,11,13,16,18,19",1500,1500,74.606,147.8,1425.394,1352.2,3000,2777.594,1388.797,10,10,"0,79,100,142,176,193,220,285,308,356,373.03","0,49,102,144,222,242.5,280.7,329.9,590.9,677.9,739"
1,379,20,18,"20, 1, 4, 5, 6, 7,10,12,14,15","18, 2, 3, 8, 9,11,13,16,17,19",1500,1500,74.606,105.96,1425.394,1394.04,3000,2819.434,1409.717,10,10,"0,79,100,142,176,193,220,285,308,356,373.03","0,74,127,169,247,267.5,305.7,354.9,381.7,442.8,529.8"
1,380,20,19,"20, 1, 4, 5, 9,10,11,13,14,15","19, 2, 3, 6, 7, 8,12,16,17,18",1500,1500,90.586,76.86,1409.414,1423.14,3000,2832.554,1416.277,10,10,"0,79,100,142,154,221.1,280.7,318.9,387.9,435.9,452.93","0,30,83,121,138,198,222,244.4,271.2,297.3,384.3"
